library,operation,dtype,channels,duration_s,iterations,warmup,chunk_size,cold_cache,avg_ms,stddev_ms,p50_ms,p90_ms,p99_ms,cv
aus,read,f32,1,10,100,0,4096,0,0.090705,0.002402,0.08993,0.092586,0.101592,0.026481
aus,read,f32,1,1,100,0,4096,0,0.021873,0.000217,0.021823,0.022148,0.022752,0.009942
aus,read,f32,1,300,100,0,4096,0,31.126103,0.542309,30.983688,31.756866,33.560459,0.017423
aus,read,f32,1,30,100,0,4096,0,0.234132,0.004023,0.233427,0.237618,0.243607,0.017182
aus,read,f32,1,5,100,0,4096,0,0.05083,0.001724,0.050269,0.052261,0.058081,0.033919
aus,read,f32,1,600,100,0,4096,0,63.233347,1.507583,62.874826,63.923338,70.432748,0.023842
aus,read,f32,1,60,100,0,4096,0,0.4821,0.017516,0.476154,0.504751,0.532465,0.036333
aus,read,f32,2,10,100,0,4096,0,0.164492,0.003013,0.163602,0.167714,0.176403,0.018318
aus,read,f32,2,1,100,0,4096,0,0.028863,0.001246,0.028294,0.031129,0.032597,0.043165
aus,read,f32,2,300,100,0,4096,0,71.378068,1.16578,71.070718,72.760961,74.537176,0.016332
aus,read,f32,2,30,100,0,4096,0,0.488193,0.029151,0.486304,0.533306,0.552064,0.059711
aus,read,f32,2,5,100,0,4096,0,0.090047,0.003045,0.089546,0.090859,0.09712,0.033812
aus,read,f32,2,600,100,0,4096,0,134.649107,2.767728,134.80299,137.664814,142.952091,0.020555
aus,read,f32,2,60,100,0,4096,0,1.251863,0.067761,1.239515,1.314824,1.396777,0.054128
aus,read,i16,1,10,100,0,4096,0,0.113199,0.004704,0.11165,0.117378,0.130645,0.041558
aus,read,i16,1,1,100,0,4096,0,0.01825,0.000949,0.018025,0.018611,0.023883,0.051991
aus,read,i16,1,300,100,0,4096,0,2.557731,0.128712,2.526421,2.650342,3.110641,0.050323
aus,read,i16,1,30,100,0,4096,0,0.225488,0.064127,0.267553,0.277163,0.289665,0.284391
aus,read,i16,1,5,100,0,4096,0,0.03969,0.001326,0.039458,0.040596,0.045374,0.033421
aus,read,i16,1,600,100,0,4096,0,31.716956,1.148363,31.492758,32.782856,36.477606,0.036207
aus,read,i16,1,60,100,0,4096,0,0.234192,0.00609,0.233386,0.237353,0.265427,0.026006
aus,read,i16,2,10,100,0,4096,0,0.09188,0.002478,0.091416,0.092954,0.105103,0.026974
aus,read,i16,2,1,100,0,4096,0,0.022368,0.000614,0.022207,0.022608,0.025767,0.027441
aus,read,i16,2,300,100,0,4096,0,33.046893,0.515986,32.919127,33.691557,34.692162,0.015614
aus,read,i16,2,30,100,0,4096,0,0.24392,0.003608,0.243034,0.247572,0.256315,0.01479
aus,read,i16,2,5,100,0,4096,0,0.051553,0.001611,0.051453,0.053836,0.056413,0.031256
aus,read,i16,2,600,100,0,4096,0,69.247023,1.079132,69.113088,70.747591,71.586022,0.015584
aus,read,i16,2,60,100,0,4096,0,0.532377,0.036438,0.525716,0.576349,0.648798,0.068445
aus,read,i32,1,10,100,0,4096,0,0.091709,0.00148,0.091331,0.092838,0.096819,0.016135
aus,read,i32,1,1,100,0,4096,0,0.023378,0.001269,0.023018,0.025206,0.026636,0.054266
aus,read,i32,1,300,100,0,4096,0,32.324557,1.351802,31.975751,34.36978,36.110839,0.04182
aus,read,i32,1,30,100,0,4096,0,0.241915,0.012185,0.239249,0.259233,0.279828,0.05037
aus,read,i32,1,5,100,0,4096,0,0.04984,0.001527,0.049318,0.051664,0.055414,0.030638
aus,read,i32,1,600,100,0,4096,0,69.372025,3.749589,68.637181,70.008449,84.527581,0.05405
aus,read,i32,1,60,100,0,4096,0,0.494784,0.027154,0.489446,0.530013,0.589052,0.05488
aus,read,i32,2,10,100,0,4096,0,0.161456,0.0036,0.160372,0.165817,0.177828,0.022296
aus,read,i32,2,1,100,0,4096,0,0.027949,0.000912,0.027776,0.028294,0.029683,0.032633
aus,read,i32,2,300,100,0,4096,0,69.103027,1.211675,68.944963,70.201152,73.444974,0.017534
aus,read,i32,2,30,100,0,4096,0,0.513945,0.019151,0.508956,0.538301,0.57015,0.037264
aus,read,i32,2,5,100,0,4096,0,0.090553,0.0026,0.089596,0.093591,0.099932,0.028715
aus,read,i32,2,600,100,0,4096,0,130.67931,2.220591,130.621771,133.098067,135.878253,0.016993
aus,read,i32,2,60,100,0,4096,0,1.310246,0.042842,1.301096,1.372072,1.423041,0.032698
hound,read,f32,1,10,100,0,4096,0,1.69294,0.091998,1.665004,1.77609,2.051076,0.054342
hound,read,f32,1,1,100,0,4096,0,0.167648,0.006787,0.165247,0.177187,0.191586,0.040486
hound,read,f32,1,300,100,0,4096,0,77.457499,1.837007,76.940602,79.49362,83.379568,0.023716
hound,read,f32,1,30,100,0,4096,0,5.243728,0.589599,4.994682,6.111122,7.282506,0.112439
hound,read,f32,1,5,100,0,4096,0,0.844653,0.062873,0.824271,0.913475,1.138192,0.074436
hound,read,f32,1,600,100,0,4096,0,159.13442,5.898629,157.252188,163.513239,182.857456,0.037067
hound,read,f32,1,60,100,0,4096,0,10.111284,0.759302,9.802047,10.872783,13.380744,0.075095
hound,read,f32,2,10,100,0,4096,0,3.488405,0.444041,3.344458,3.694803,5.341152,0.127291
hound,read,f32,2,1,100,0,4096,0,0.330805,0.013769,0.32602,0.345556,0.380477,0.041622
hound,read,f32,2,300,100,0,4096,0,158.841808,7.143756,156.992184,164.375297,182.187521,0.044974
hound,read,f32,2,30,100,0,4096,0,10.590441,1.306271,10.00943,12.052126,15.674268,0.123344
hound,read,f32,2,5,100,0,4096,0,1.684438,0.090498,1.65627,1.803735,2.030237,0.053726
hound,read,f32,2,600,100,0,4096,0,317.844005,7.197874,317.842522,323.112401,345.697845,0.022646
hound,read,f32,2,60,100,0,4096,0,30.869219,1.08878,30.441476,32.270158,33.78517,0.035271
hound,read,i16,1,10,100,0,4096,0,4.072997,0.035839,4.065711,4.117407,4.194466,0.008799
hound,read,i16,1,1,100,0,4096,0,0.409977,0.013816,0.40422,0.430081,0.463575,0.033699
hound,read,i16,1,300,100,0,4096,0,136.289476,3.588299,135.160587,139.866626,148.589562,0.026329
hound,read,i16,1,30,100,0,4096,0,12.169147,0.241081,12.127069,12.268976,13.009189,0.019811
hound,read,i16,1,5,100,0,4096,0,2.042293,0.089886,2.018108,2.081139,2.269315,0.044012
hound,read,i16,1,600,100,0,4096,0,271.507472,4.316582,270.250015,275.134938,288.570006,0.015899
hound,read,i16,1,60,100,0,4096,0,24.637636,0.471213,24.480442,25.044132,26.448051,0.019126
hound,read,i16,2,10,100,0,4096,0,8.05726,0.127757,8.026041,8.130659,8.527709,0.015856
hound,read,i16,2,1,100,0,4096,0,0.806359,0.009431,0.80402,0.810879,0.855152,0.011696
hound,read,i16,2,300,100,0,4096,0,272.353838,5.040236,270.868461,276.909523,291.498469,0.018506
hound,read,i16,2,30,100,0,4096,0,24.352165,0.444706,24.246134,24.499984,26.107776,0.018261
hound,read,i16,2,5,100,0,4096,0,4.029877,0.036341,4.017234,4.067726,4.171026,0.009018
hound,read,i16,2,600,100,0,4096,0,543.406346,6.895219,540.938908,553.727523,569.983019,0.012689
hound,read,i16,2,60,100,0,4096,0,48.972348,1.273415,48.591373,49.38589,54.790363,0.026003
hound,read,i32,1,10,100,0,4096,0,2.45018,0.172444,2.411269,2.681952,2.995813,0.07038
hound,read,i32,1,1,100,0,4096,0,0.23158,0.016369,0.223126,0.248719,0.285655,0.070686
hound,read,i32,1,300,100,0,4096,0,108.668879,3.793376,107.349018,113.962424,122.513268,0.034908
hound,read,i32,1,30,100,0,4096,0,7.114267,0.730292,6.80442,8.274645,9.524229,0.102652
hound,read,i32,1,5,100,0,4096,0,1.241016,0.050173,1.229548,1.287994,1.385091,0.040429
hound,read,i32,1,600,100,0,4096,0,227.91446,8.099641,227.824539,236.252422,251.829223,0.035538
hound,read,i32,1,60,100,0,4096,0,14.450657,1.267814,14.169409,15.859245,17.335142,0.087734
hound,read,i32,2,10,100,0,4096,0,4.667688,0.307959,4.601058,4.960201,5.514109,0.065977
hound,read,i32,2,1,100,0,4096,0,0.480055,0.026211,0.480304,0.510337,0.55594,0.0546
hound,read,i32,2,300,100,0,4096,0,226.821679,7.855985,226.461766,235.047298,253.435866,0.034635
hound,read,i32,2,30,100,0,4096,0,13.967999,0.865566,14.012777,14.446814,15.786028,0.061968
hound,read,i32,2,5,100,0,4096,0,2.267056,0.141358,2.185359,2.483516,2.610085,0.062353
hound,read,i32,2,600,100,0,4096,0,488.574982,28.486489,494.531398,520.535741,536.171156,0.058305
hound,read,i32,2,60,100,0,4096,0,41.048317,1.969648,40.594105,41.974298,50.486511,0.047984
aus,write,f32,1,10,100,0,4096,0,1.137036,0.075254,1.139071,1.213122,1.252355,0.066184
aus,write,f32,1,1,100,0,4096,0,0.260441,0.01343,0.261249,0.273537,0.292426,0.051565
aus,write,f32,1,300,100,0,4096,0,1.11467,0.056592,1.11284,1.164292,1.195824,0.05077
aus,write,f32,1,30,100,0,4096,0,1.129094,0.088798,1.130079,1.230641,1.299781,0.078645
aus,write,f32,1,5,100,0,4096,0,0.619379,0.028819,0.619679,0.650961,0.687079,0.046529
aus,write,f32,1,600,100,0,4096,0,1.147627,0.063354,1.143653,1.190613,1.256351,0.055205
aus,write,f32,1,60,100,0,4096,0,1.149748,0.041569,1.149055,1.199333,1.248775,0.036155
aus,write,f32,2,10,100,0,4096,0,1.010353,0.053386,1.011297,1.05642,1.166081,0.052839
aus,write,f32,2,1,100,0,4096,0,0.24126,0.013683,0.239381,0.255222,0.280078,0.056714
aus,write,f32,2,300,100,0,4096,0,1.269538,0.126735,1.284905,1.34595,1.429337,0.099827
aus,write,f32,2,30,100,0,4096,0,1.144112,0.066608,1.147399,1.188505,1.262501,0.058218
aus,write,f32,2,5,100,0,4096,0,0.565404,0.030749,0.560171,0.602669,0.642088,0.054385
aus,write,f32,2,600,100,0,4096,0,1.096377,0.078453,1.100699,1.166976,1.229144,0.071557
aus,write,f32,2,60,100,0,4096,0,1.153355,0.066796,1.151191,1.211553,1.297194,0.057915
aus,write,i16,1,10,100,0,4096,0,0.640322,0.030585,0.63761,0.676431,0.713453,0.047765
aus,write,i16,1,1,100,0,4096,0,0.353708,0.059377,0.367195,0.405887,0.516456,0.16787
aus,write,i16,1,300,100,0,4096,0,0.625946,0.025035,0.626682,0.649262,0.682981,0.039995
aus,write,i16,1,30,100,0,4096,0,0.637748,0.028845,0.636245,0.665186,0.711176,0.045229
aus,write,i16,1,5,100,0,4096,0,0.414905,0.028636,0.41976,0.445884,0.474324,0.069019
aus,write,i16,1,600,100,0,4096,0,0.623191,0.02226,0.618428,0.646115,0.682303,0.03572
aus,write,i16,1,60,100,0,4096,0,0.652756,0.037087,0.647596,0.693117,0.770018,0.056816
aus,write,i16,2,10,100,0,4096,0,0.606156,0.046014,0.599697,0.663374,0.722216,0.075911
aus,write,i16,2,1,100,0,4096,0,0.188851,0.012373,0.190244,0.199602,0.225437,0.065518
aus,write,i16,2,300,100,0,4096,0,0.629528,0.030152,0.62739,0.652711,0.669149,0.047896
aus,write,i16,2,30,100,0,4096,0,0.626767,0.040555,0.627386,0.665017,0.734155,0.064705
aus,write,i16,2,5,100,0,4096,0,0.370211,0.024637,0.371176,0.395291,0.447599,0.066549
aus,write,i16,2,600,100,0,4096,0,0.624654,0.025267,0.621661,0.642351,0.691314,0.04045
aus,write,i16,2,60,100,0,4096,0,0.640218,0.031512,0.636349,0.67804,0.743581,0.04922
aus,write,i32,1,10,100,0,4096,0,1.148935,0.08157,1.147961,1.196949,1.28658,0.070997
aus,write,i32,1,1,100,0,4096,0,0.266831,0.015318,0.264252,0.288144,0.311092,0.057409
aus,write,i32,1,300,100,0,4096,0,1.152824,0.048998,1.148973,1.186009,1.281384,0.042503
aus,write,i32,1,30,100,0,4096,0,1.135202,0.069119,1.143232,1.182118,1.247595,0.060887
aus,write,i32,1,5,100,0,4096,0,0.614056,0.034769,0.612691,0.654168,0.6968,0.056622
aus,write,i32,1,600,100,0,4096,0,1.150395,0.073047,1.145543,1.203745,1.313564,0.063498
aus,write,i32,1,60,100,0,4096,0,1.136078,0.080334,1.134921,1.221874,1.289244,0.070712
aus,write,i32,2,10,100,0,4096,0,1.003084,0.07763,1.002278,1.050308,1.3214,0.077391
aus,write,i32,2,1,100,0,4096,0,0.246714,0.015241,0.245626,0.265135,0.290671,0.061777
aus,write,i32,2,300,100,0,4096,0,1.120499,0.042133,1.126079,1.163837,1.209881,0.037602
aus,write,i32,2,30,100,0,4096,0,1.140578,0.059561,1.143691,1.192868,1.250715,0.05222
aus,write,i32,2,5,100,0,4096,0,0.564542,0.036659,0.558638,0.60741,0.650237,0.064936
aus,write,i32,2,600,100,0,4096,0,1.090358,0.091054,1.108117,1.177045,1.207716,0.083508
aus,write,i32,2,60,100,0,4096,0,1.091245,0.067969,1.096825,1.153682,1.244274,0.062286
hound,write,f32,1,10,100,0,4096,0,2.399484,0.062078,2.403447,2.464662,2.527404,0.025871
hound,write,f32,1,1,100,0,4096,0,0.374285,0.021682,0.376907,0.397264,0.409987,0.057929
hound,write,f32,1,300,100,0,4096,0,64.654121,3.328325,63.523919,67.994328,75.478431,0.051479
hound,write,f32,1,30,100,0,4096,0,6.646388,0.222358,6.595702,6.839991,7.583536,0.033455
hound,write,f32,1,5,100,0,4096,0,1.283875,0.06457,1.271806,1.356969,1.437798,0.050293
hound,write,f32,1,600,100,0,4096,0,126.466964,15.741792,128.607139,144.268406,149.925543,0.124474
hound,write,f32,1,60,100,0,4096,0,12.857322,0.524461,12.737584,13.270915,14.89805,0.040791
hound,write,f32,2,10,100,0,4096,0,2.310658,0.08618,2.295155,2.418511,2.573738,0.037297
hound,write,f32,2,1,100,0,4096,0,0.367348,0.014826,0.366892,0.383496,0.409327,0.040361
hound,write,f32,2,300,100,0,4096,0,64.778665,3.684078,64.708984,69.394226,74.471118,0.056872
hound,write,f32,2,30,100,0,4096,0,6.639881,0.263911,6.611521,6.842873,7.239179,0.039746
hound,write,f32,2,5,100,0,4096,0,1.217468,0.052843,1.209131,1.264108,1.393262,0.043404
hound,write,f32,2,600,100,0,4096,0,127.625517,7.818947,127.773655,138.038478,147.494093,0.061265
hound,write,f32,2,60,100,0,4096,0,12.850539,0.267579,12.847305,13.152152,13.447926,0.020822
hound,write,i16,1,10,100,0,4096,0,0.672095,0.034298,0.665188,0.71165,0.788649,0.051031
hound,write,i16,1,1,100,0,4096,0,0.311691,0.061106,0.307255,0.398617,0.461258,0.196048
hound,write,i16,1,300,100,0,4096,0,15.553929,0.392269,15.498752,16.053251,16.748573,0.02522
hound,write,i16,1,30,100,0,4096,0,1.657979,0.078044,1.653626,1.740671,1.816216,0.047072
hound,write,i16,1,5,100,0,4096,0,0.445709,0.029585,0.444429,0.482869,0.513896,0.066378
hound,write,i16,1,600,100,0,4096,0,51.202158,1.928353,50.801046,53.167322,56.850137,0.037662
hound,write,i16,1,60,100,0,4096,0,4.924867,0.204674,4.88763,5.11754,5.509178,0.041559
hound,write,i16,2,10,100,0,4096,0,0.636362,0.038851,0.632296,0.671618,0.778778,0.061052
hound,write,i16,2,1,100,0,4096,0,0.2156,0.01503,0.213749,0.22922,0.265767,0.069712
hound,write,i16,2,300,100,0,4096,0,15.129394,0.435968,15.004761,15.755904,16.555639,0.028816
hound,write,i16,2,30,100,0,4096,0,1.647139,0.076362,1.657093,1.718097,1.805747,0.04636
hound,write,i16,2,5,100,0,4096,0,0.392377,0.024063,0.38748,0.42121,0.454156,0.061327
hound,write,i16,2,600,100,0,4096,0,50.144592,1.866898,49.767597,52.372841,57.738376,0.03723
hound,write,i16,2,60,100,0,4096,0,2.911516,0.101202,2.885945,3.019282,3.310085,0.034759
hound,write,i32,1,10,100,0,4096,0,2.882792,0.136314,2.845081,3.03281,3.359404,0.047285
hound,write,i32,1,1,100,0,4096,0,0.464455,0.034032,0.456353,0.508842,0.545106,0.073272
hound,write,i32,1,300,100,0,4096,0,78.374905,3.693823,78.364329,82.061998,84.124737,0.04713
hound,write,i32,1,30,100,0,4096,0,8.1848,0.312323,8.082346,8.499968,9.407923,0.038159
hound,write,i32,1,5,100,0,4096,0,1.536059,0.078615,1.519674,1.617256,1.74471,0.05118
hound,write,i32,1,600,100,0,4096,0,154.355519,12.814472,156.258174,169.299803,180.052353,0.083019
hound,write,i32,1,60,100,0,4096,0,15.816879,0.540309,15.677166,16.352584,17.533429,0.03416
hound,write,i32,2,10,100,0,4096,0,2.790033,0.094804,2.761625,2.869621,3.177233,0.033979
hound,write,i32,2,1,100,0,4096,0,0.417485,0.018838,0.416083,0.43667,0.47929,0.045121
hound,write,i32,2,300,100,0,4096,0,79.355724,4.993316,78.087104,87.541734,91.975504,0.062923
hound,write,i32,2,30,100,0,4096,0,8.256096,0.354671,8.151976,8.658094,9.626061,0.042959
hound,write,i32,2,5,100,0,4096,0,1.484997,0.09564,1.472365,1.584757,1.754113,0.064404
hound,write,i32,2,600,100,0,4096,0,154.214997,13.293242,153.92705,172.49881,181.154285,0.086199
hound,write,i32,2,60,100,0,4096,0,16.297998,0.981391,15.955691,17.416753,19.73462,0.060215
aus,read,f32,1,10,100,0,4096,1,2.195808,0.208565,2.252645,2.42387,2.581402,0.094983
aus,read,f32,1,1,100,0,4096,1,0.828382,0.119391,0.802216,0.950823,1.146323,0.144126
aus,read,f32,1,300,100,0,4096,1,62.431025,2.63046,62.354871,64.493987,71.315614,0.042134
aus,read,f32,1,30,100,0,4096,1,5.701557,0.676277,5.690625,6.034119,9.05109,0.118613
aus,read,f32,1,5,100,0,4096,1,1.700182,0.166047,1.701502,1.885321,2.140541,0.097664
aus,read,f32,1,600,100,0,4096,1,122.585196,2.776032,122.533334,125.326059,130.598772,0.022646
aus,read,f32,1,60,100,0,4096,1,10.844543,0.554899,10.899558,11.353599,12.10477,0.051169
aus,read,f32,2,10,100,0,4096,1,4.269418,0.50244,4.201995,4.579867,6.40444,0.117684
aus,read,f32,2,1,100,0,4096,1,0.953286,0.103186,0.975589,1.04671,1.171585,0.108243
aus,read,f32,2,300,100,0,4096,1,133.952664,3.296021,133.456,138.057422,142.279493,0.024606
aus,read,f32,2,30,100,0,4096,1,12.538222,2.149406,11.754474,15.418684,18.789544,0.171428
aus,read,f32,2,5,100,0,4096,1,2.575602,0.726829,2.466519,2.688256,6.512402,0.282198
aus,read,f32,2,600,100,0,4096,1,270.985907,6.209354,270.268293,279.819033,285.947179,0.022914
aus,read,f32,2,60,100,0,4096,1,23.387667,1.251565,23.269792,24.601591,28.302382,0.053514
aus,read,i16,1,10,100,0,4096,1,1.602584,0.115948,1.625623,1.724449,1.846918,0.072351
aus,read,i16,1,1,100,0,4096,1,0.253824,0.029581,0.26423,0.286542,0.302702,0.11654
aus,read,i16,1,300,100,0,4096,1,25.07315,2.153843,25.435859,27.332341,31.544371,0.085902
aus,read,i16,1,30,100,0,4096,1,3.187368,0.208683,3.234339,3.370653,3.74236,0.065472
aus,read,i16,1,5,100,0,4096,1,1.090702,0.098004,1.106411,1.178858,1.418919,0.089854
aus,read,i16,1,600,100,0,4096,1,62.241116,3.594964,61.647693,65.095353,72.548845,0.057759
aus,read,i16,1,60,100,0,4096,1,5.666837,0.450893,5.727784,6.09858,6.825219,0.079567
aus,read,i16,2,10,100,0,4096,1,2.504018,0.268336,2.489781,2.799393,3.503969,0.107162
aus,read,i16,2,1,100,0,4096,1,0.639295,0.074862,0.666024,0.706591,0.803363,0.117101
aus,read,i16,2,300,100,0,4096,1,62.697496,1.835313,62.673292,64.430174,66.733643,0.029273
aus,read,i16,2,30,100,0,4096,1,5.630967,0.453547,5.726395,5.953749,6.32857,0.080545
aus,read,i16,2,5,100,0,4096,1,1.489556,0.101446,1.492659,1.590195,1.739391,0.068105
aus,read,i16,2,600,100,0,4096,1,124.338699,3.369048,123.303429,129.065134,134.368993,0.027096
aus,read,i16,2,60,100,0,4096,1,10.749512,0.73126,10.83054,11.386137,12.060134,0.068027
aus,read,i32,1,10,100,0,4096,1,2.281339,0.17165,2.323026,2.4361,2.550588,0.075241
aus,read,i32,1,1,100,0,4096,1,0.802112,0.072237,0.816812,0.884913,0.913081,0.090059
aus,read,i32,1,300,100,0,4096,1,62.360405,4.118432,62.220788,65.82975,76.180842,0.066042
aus,read,i32,1,30,100,0,4096,1,5.728723,0.41521,5.834245,6.13944,6.497802,0.072479
aus,read,i32,1,5,100,0,4096,1,1.586964,0.124518,1.630298,1.716052,1.77051,0.078463
aus,read,i32,1,600,100,0,4096,1,124.946024,4.840498,124.3583,131.297408,138.764333,0.038741
aus,read,i32,1,60,100,0,4096,1,10.936388,0.869521,11.078067,12.024534,12.594652,0.079507
aus,read,i32,2,10,100,0,4096,1,4.033882,0.276899,4.080104,4.289793,4.587861,0.068643
aus,read,i32,2,1,100,0,4096,1,0.874478,0.087257,0.917348,0.948022,1.012113,0.099782
aus,read,i32,2,300,100,0,4096,1,128.778025,11.815928,125.307794,140.598774,165.667701,0.091754
aus,read,i32,2,30,100,0,4096,1,10.747119,0.661998,10.887653,11.517852,11.874172,0.061598
aus,read,i32,2,5,100,0,4096,1,2.223597,0.204286,2.21756,2.406683,2.955597,0.091872
aus,read,i32,2,600,100,0,4096,1,262.40993,19.472194,257.369412,281.481092,350.200477,0.074205
aus,read,i32,2,60,100,0,4096,1,20.459348,1.59542,20.570057,21.310009,28.286447,0.07798
hound,read,f32,1,10,100,0,4096,1,6.535086,0.193723,6.490955,6.758211,7.280145,0.029644
hound,read,f32,1,1,100,0,4096,1,1.081035,0.109239,1.052656,1.22438,1.308402,0.10105
hound,read,f32,1,300,100,0,4096,1,202.984056,2.945072,202.018851,205.472159,213.086897,0.014509
hound,read,f32,1,30,100,0,4096,1,18.434442,0.340312,18.344174,18.811196,19.800607,0.018461
hound,read,f32,1,5,100,0,4096,1,3.742012,0.137968,3.719816,3.866835,4.15692,0.03687
hound,read,f32,1,600,100,0,4096,1,407.846182,5.987373,406.285947,413.836392,432.901503,0.01468
hound,read,f32,1,60,100,0,4096,1,36.017852,0.834109,35.769474,36.833457,39.357883,0.023158
hound,read,f32,2,10,100,0,4096,1,12.590886,0.513532,12.459443,12.839095,14.891151,0.040786
hound,read,f32,2,1,100,0,4096,1,1.891694,0.16818,1.847555,2.101518,2.45554,0.088904
hound,read,f32,2,300,100,0,4096,1,412.601336,7.936828,409.791962,420.925523,437.364428,0.019236
hound,read,f32,2,30,100,0,4096,1,37.386316,1.688901,36.838304,39.963546,43.053318,0.045174
hound,read,f32,2,5,100,0,4096,1,6.708178,0.236476,6.647184,6.90856,7.301105,0.035252
hound,read,f32,2,600,100,0,4096,1,821.496839,8.50369,820.202299,832.163402,847.952671,0.010351
hound,read,f32,2,60,100,0,4096,1,82.886346,3.888999,81.436678,88.036971,98.388439,0.04692
hound,read,i16,1,10,100,0,4096,1,4.950862,0.130282,4.915565,5.14874,5.380707,0.026315
hound,read,i16,1,1,100,0,4096,1,0.747338,0.038713,0.745273,0.786212,0.846854,0.051801
hound,read,i16,1,300,100,0,4096,1,139.522384,3.036489,138.66514,141.757169,154.542543,0.021763
hound,read,i16,1,30,100,0,4096,1,13.106662,0.480555,12.940348,13.47398,14.927879,0.036665
hound,read,i16,1,5,100,0,4096,1,2.539239,0.07093,2.522438,2.621827,2.840741,0.027934
hound,read,i16,1,600,100,0,4096,1,280.170724,4.60467,278.639631,286.162361,292.18344,0.016435
hound,read,i16,1,60,100,0,4096,1,25.531238,0.495331,25.385489,25.871882,27.192125,0.019401
hound,read,i16,2,10,100,0,4096,1,9.059011,0.289357,8.955565,9.29158,10.130137,0.031941
hound,read,i16,2,1,100,0,4096,1,1.178661,0.047356,1.163361,1.231534,1.389515,0.040178
hound,read,i16,2,300,100,0,4096,1,280.124298,4.279983,279.479768,283.457301,291.546288,0.015279
hound,read,i16,2,30,100,0,4096,1,25.927358,1.122911,25.545188,27.251278,30.776658,0.04331
hound,read,i16,2,5,100,0,4096,1,4.885367,0.206265,4.834093,5.092189,5.48087,0.042221
hound,read,i16,2,600,100,0,4096,1,555.920194,5.123558,555.524486,560.908485,567.149252,0.009216
hound,read,i16,2,60,100,0,4096,1,50.608645,0.690703,50.410817,51.382309,53.241946,0.013648
hound,read,i32,1,10,100,0,4096,1,3.577963,0.218687,3.519785,3.835302,4.512472,0.061121
hound,read,i32,1,1,100,0,4096,1,1.144253,0.120765,1.121938,1.284216,1.538523,0.105541
hound,read,i32,1,300,100,0,4096,1,116.144369,3.363919,115.214514,120.425853,128.621062,0.028963
hound,read,i32,1,30,100,0,4096,1,9.126673,0.503064,8.971397,9.714831,11.04448,0.05512
hound,read,i32,1,5,100,0,4096,1,2.253561,0.172132,2.232253,2.494743,2.627334,0.076382
hound,read,i32,1,600,100,0,4096,1,234.104448,7.808946,231.853869,244.315167,254.746,0.033357
hound,read,i32,1,60,100,0,4096,1,17.435658,0.759975,17.328787,18.30867,19.806572,0.043587
hound,read,i32,2,10,100,0,4096,1,7.120989,1.279409,6.55369,8.764654,11.604284,0.179667
hound,read,i32,2,1,100,0,4096,1,1.243618,0.06562,1.230802,1.302116,1.491213,0.052766
hound,read,i32,2,300,100,0,4096,1,236.84068,9.139939,234.304247,247.095671,275.042511,0.038591
hound,read,i32,2,30,100,0,4096,1,17.661906,0.967419,17.434899,18.998282,21.081349,0.054774
hound,read,i32,2,5,100,0,4096,1,3.382707,0.166453,3.324897,3.609371,3.788785,0.049207
hound,read,i32,2,600,100,0,4096,1,480.508728,16.563988,475.993474,500.78372,541.213564,0.034472
hound,read,i32,2,60,100,0,4096,1,47.278028,3.288114,46.342594,50.422892,59.068287,0.069548
aus,streamed-read,f32,1,10,100,0,1024,1,3.019011,0.180917,3.077257,3.184665,3.249063,0.059926
aus,streamed-read,f32,1,10,100,0,16384,1,2.932141,0.506025,2.843637,2.997455,4.968647,0.172579
aus,streamed-read,f32,1,10,100,0,4096,1,2.813799,0.193729,2.878857,2.990827,3.343595,0.06885
aus,streamed-read,f32,1,10,100,0,512,1,3.031767,0.242002,3.077165,3.369801,3.453733,0.079822
aus,streamed-read,f32,1,10,100,0,8192,1,2.87119,0.213245,2.854513,2.974959,3.274945,0.074271
aus,streamed-read,f32,1,1,100,0,1024,1,1.002353,0.068085,1.006544,1.059475,1.179437,0.067925
aus,streamed-read,f32,1,1,100,0,16384,1,0.971013,0.065043,0.985032,1.027047,1.111524,0.066984
aus,streamed-read,f32,1,1,100,0,4096,1,0.996561,0.060674,0.991002,1.033274,1.159292,0.060883
aus,streamed-read,f32,1,1,100,0,512,1,1.106598,0.081671,1.137829,1.185053,1.269256,0.073804
aus,streamed-read,f32,1,1,100,0,8192,1,0.975514,0.095799,0.971254,1.129293,1.226966,0.098203
aus,streamed-read,f32,1,300,100,0,1024,1,56.854442,3.410109,57.983486,60.136258,61.418417,0.05998
aus,streamed-read,f32,1,300,100,0,16384,1,54.374629,2.934647,54.564871,56.621494,64.775239,0.053971
aus,streamed-read,f32,1,300,100,0,4096,1,55.11476,4.003823,55.837491,58.882998,63.294657,0.072645
aus,streamed-read,f32,1,300,100,0,512,1,53.802685,4.478889,52.781086,59.087321,62.451483,0.083247
aus,streamed-read,f32,1,300,100,0,8192,1,54.822028,2.355085,55.071431,56.536312,59.838724,0.042959
aus,streamed-read,f32,1,30,100,0,1024,1,6.555937,0.367156,6.56544,6.966472,7.31647,0.056004
aus,streamed-read,f32,1,30,100,0,16384,1,6.120945,0.459648,6.118973,6.495783,7.835092,0.075094
aus,streamed-read,f32,1,30,100,0,4096,1,6.417766,0.312544,6.43547,6.744201,7.053171,0.0487
aus,streamed-read,f32,1,30,100,0,512,1,6.463452,0.491768,6.623963,6.879536,7.143311,0.076084
aus,streamed-read,f32,1,30,100,0,8192,1,6.366609,0.435804,6.345868,6.623922,8.016221,0.068452
aus,streamed-read,f32,1,5,100,0,1024,1,1.952514,0.187049,1.974886,2.160782,2.410575,0.095799
aus,streamed-read,f32,1,5,100,0,16384,1,1.829535,0.123937,1.834954,1.959705,2.171319,0.067743
aus,streamed-read,f32,1,5,100,0,4096,1,1.819083,0.181953,1.886036,2.008765,2.101616,0.100024
aus,streamed-read,f32,1,5,100,0,512,1,1.869297,0.150202,1.882779,2.022253,2.131584,0.080352
aus,streamed-read,f32,1,5,100,0,8192,1,1.941766,0.123337,1.952619,2.038632,2.343556,0.063518
aus,streamed-read,f32,1,600,100,0,1024,1,110.104061,7.033648,109.456057,118.75303,120.803266,0.063882
aus,streamed-read,f32,1,600,100,0,16384,1,109.813118,4.179542,110.702173,113.211879,115.398454,0.03806
aus,streamed-read,f32,1,600,100,0,4096,1,114.021343,5.36946,114.260807,120.483199,124.500688,0.047092
aus,streamed-read,f32,1,600,100,0,512,1,108.884781,7.893304,106.701048,123.484888,129.016571,0.072492
aus,streamed-read,f32,1,600,100,0,8192,1,111.023788,5.878448,113.001572,115.954414,118.941599,0.052948
aus,streamed-read,f32,1,60,100,0,1024,1,12.485865,0.808074,12.517444,13.355097,13.772431,0.064719
aus,streamed-read,f32,1,60,100,0,16384,1,11.729101,0.572666,11.735391,12.387172,13.23456,0.048824
aus,streamed-read,f32,1,60,100,0,4096,1,12.345351,0.693341,12.421319,13.130846,13.702083,0.056162
aus,streamed-read,f32,1,60,100,0,512,1,12.00338,0.952342,12.27373,13.000556,13.617326,0.079339
aus,streamed-read,f32,1,60,100,0,8192,1,12.030105,0.505421,11.980172,12.518689,13.646551,0.042013
aus,streamed-read,f32,2,10,100,0,1024,1,4.82254,0.415381,4.776961,5.381292,5.585382,0.086133
aus,streamed-read,f32,2,10,100,0,16384,1,4.793955,0.280974,4.872204,5.019752,5.174077,0.05861
aus,streamed-read,f32,2,10,100,0,4096,1,4.8298,0.354705,4.926564,5.144044,5.461355,0.073441
aus,streamed-read,f32,2,10,100,0,512,1,4.75378,0.420612,4.852001,5.242477,5.477533,0.088479
aus,streamed-read,f32,2,10,100,0,8192,1,4.741661,0.364852,4.851154,5.083032,5.372031,0.076946
aus,streamed-read,f32,2,1,100,0,1024,1,1.364636,0.055209,1.364715,1.420411,1.477002,0.040457
aus,streamed-read,f32,2,1,100,0,16384,1,1.319616,0.089101,1.339308,1.408636,1.49056,0.067521
aus,streamed-read,f32,2,1,100,0,4096,1,1.340793,0.081001,1.331912,1.392249,1.543722,0.060413
aus,streamed-read,f32,2,1,100,0,512,1,1.373095,0.052362,1.384115,1.42941,1.456381,0.038134
aus,streamed-read,f32,2,1,100,0,8192,1,1.291921,0.07448,1.288032,1.381281,1.456576,0.05765
aus,streamed-read,f32,2,300,100,0,1024,1,106.20636,2.945379,106.39888,109.476244,111.932462,0.027733
aus,streamed-read,f32,2,300,100,0,16384,1,110.614225,6.740988,112.322701,118.351649,121.283353,0.060941
aus,streamed-read,f32,2,300,100,0,4096,1,113.549674,7.400644,115.619765,119.638372,129.73699,0.065175
aus,streamed-read,f32,2,300,100,0,512,1,107.706601,2.892017,107.773575,110.412961,115.438821,0.026851
aus,streamed-read,f32,2,300,100,0,8192,1,110.569462,6.997688,113.17722,117.223113,121.124714,0.063288
aus,streamed-read,f32,2,30,100,0,1024,1,12.573965,0.961683,12.425844,13.872551,14.639148,0.076482
aus,streamed-read,f32,2,30,100,0,16384,1,12.778858,0.568729,12.755211,13.307305,14.266498,0.044505
aus,streamed-read,f32,2,30,100,0,4096,1,13.177118,0.646394,13.357404,13.785685,13.989781,0.049054
aus,streamed-read,f32,2,30,100,0,512,1,13.793393,0.954306,14.109309,14.871209,15.448139,0.069186
aus,streamed-read,f32,2,30,100,0,8192,1,12.537966,0.701299,12.699371,13.299622,13.819176,0.055934
aus,streamed-read,f32,2,5,100,0,1024,1,2.924559,0.250519,2.9923,3.145535,3.200324,0.08566
aus,streamed-read,f32,2,5,100,0,16384,1,2.837587,0.213701,2.892727,3.028242,3.194356,0.075311
aus,streamed-read,f32,2,5,100,0,4096,1,2.71736,0.30077,2.774976,2.991208,3.310515,0.110685
aus,streamed-read,f32,2,5,100,0,512,1,2.88453,0.274614,2.978634,3.173088,3.286467,0.095202
aus,streamed-read,f32,2,5,100,0,8192,1,2.841658,0.233231,2.914466,3.062421,3.286725,0.082076
aus,streamed-read,f32,2,600,100,0,1024,1,212.794119,6.995701,213.1164,217.344348,234.450552,0.032875
aus,streamed-read,f32,2,600,100,0,16384,1,222.18724,15.526943,222.017401,235.922521,280.015631,0.069882
aus,streamed-read,f32,2,600,100,0,4096,1,225.504502,11.283004,228.209022,236.66192,245.893892,0.050034
aus,streamed-read,f32,2,600,100,0,512,1,215.582016,6.249976,215.405236,220.920065,235.90398,0.028991
aus,streamed-read,f32,2,600,100,0,8192,1,222.105724,12.209837,226.135571,234.740871,239.160433,0.054973
aus,streamed-read,f32,2,60,100,0,1024,1,22.279434,0.757673,22.351205,23.071998,23.774703,0.034008
aus,streamed-read,f32,2,60,100,0,16384,1,23.96114,1.616454,23.866058,24.892223,30.023648,0.067461
aus,streamed-read,f32,2,60,100,0,4096,1,23.654998,1.628393,24.246657,25.280786,25.766996,0.068839
aus,streamed-read,f32,2,60,100,0,512,1,22.705108,0.574306,22.582047,23.486643,24.305996,0.025294
aus,streamed-read,f32,2,60,100,0,8192,1,23.762707,1.529752,24.125822,25.297928,26.775991,0.064376
aus,streamed-read,i16,1,10,100,0,1024,1,1.846126,0.121633,1.860167,1.954851,2.093065,0.065886
aus,streamed-read,i16,1,10,100,0,16384,1,1.685275,0.116814,1.708665,1.813522,1.915487,0.069315
aus,streamed-read,i16,1,10,100,0,4096,1,1.796016,0.114125,1.819295,1.928319,2.048745,0.063543
aus,streamed-read,i16,1,10,100,0,512,1,1.84612,0.121307,1.873852,1.965287,2.10815,0.065709
aus,streamed-read,i16,1,10,100,0,8192,1,1.837489,0.136321,1.86397,1.95554,2.237929,0.074189
aus,streamed-read,i16,1,1,100,0,1024,1,0.715105,0.033986,0.721192,0.739391,0.771593,0.047526
aus,streamed-read,i16,1,1,100,0,16384,1,0.705307,0.025356,0.703368,0.729731,0.756009,0.035951
aus,streamed-read,i16,1,1,100,0,4096,1,0.695349,0.049664,0.701105,0.730541,0.775358,0.071423
aus,streamed-read,i16,1,1,100,0,512,1,0.692348,0.044803,0.703433,0.736903,0.762728,0.064712
aus,streamed-read,i16,1,1,100,0,8192,1,0.708768,0.078012,0.699637,0.743823,1.017751,0.110067
aus,streamed-read,i16,1,300,100,0,1024,1,28.033386,2.560074,27.271423,31.306326,34.536808,0.091322
aus,streamed-read,i16,1,300,100,0,16384,1,28.139425,1.881943,28.356518,29.577636,33.499743,0.066879
aus,streamed-read,i16,1,300,100,0,4096,1,27.139852,2.038523,27.170093,29.553361,32.198022,0.075112
aus,streamed-read,i16,1,300,100,0,512,1,28.752235,2.485789,29.549311,31.084633,35.004,0.086456
aus,streamed-read,i16,1,300,100,0,8192,1,29.162235,2.334482,29.303648,31.513834,34.54434,0.080052
aus,streamed-read,i16,1,30,100,0,1024,1,3.794065,0.295547,3.836442,4.119581,4.316419,0.077897
aus,streamed-read,i16,1,30,100,0,16384,1,3.600247,0.318525,3.650544,3.926479,4.422547,0.088473
aus,streamed-read,i16,1,30,100,0,4096,1,3.84905,0.2517,3.899725,4.062581,4.352834,0.065393
aus,streamed-read,i16,1,30,100,0,512,1,3.980149,0.219277,4.003994,4.151899,4.457583,0.055093
aus,streamed-read,i16,1,30,100,0,8192,1,3.796981,0.252111,3.779973,4.007088,4.577573,0.066398
aus,streamed-read,i16,1,5,100,0,1024,1,1.372309,0.106304,1.39852,1.475717,1.541346,0.077464
aus,streamed-read,i16,1,5,100,0,16384,1,1.218194,0.097743,1.261563,1.294455,1.442462,0.080236
aus,streamed-read,i16,1,5,100,0,4096,1,1.209167,0.093449,1.192964,1.340733,1.429402,0.077284
aus,streamed-read,i16,1,5,100,0,512,1,1.304459,0.110462,1.322442,1.402118,1.452092,0.08468
aus,streamed-read,i16,1,5,100,0,8192,1,1.296167,0.111904,1.290166,1.423761,1.575694,0.086334
aus,streamed-read,i16,1,600,100,0,1024,1,58.063355,7.401325,56.071641,62.922845,87.958296,0.12747
aus,streamed-read,i16,1,600,100,0,16384,1,57.363896,3.438878,57.412652,60.262063,66.377644,0.059948
aus,streamed-read,i16,1,600,100,0,4096,1,58.511278,4.665466,58.48458,60.8333,70.22553,0.079736
aus,streamed-read,i16,1,600,100,0,512,1,55.839741,4.697614,53.762636,61.741316,63.448265,0.084127
aus,streamed-read,i16,1,600,100,0,8192,1,54.913605,4.598471,55.565067,59.407841,64.823005,0.08374
aus,streamed-read,i16,1,60,100,0,1024,1,6.835294,0.806646,6.861696,7.329272,10.169772,0.118012
aus,streamed-read,i16,1,60,100,0,16384,1,6.561261,0.47835,6.596898,7.067161,7.612142,0.072905
aus,streamed-read,i16,1,60,100,0,4096,1,6.881638,0.908326,6.865211,7.416515,9.71949,0.131993
aus,streamed-read,i16,1,60,100,0,512,1,6.885386,0.617601,6.941086,7.333635,9.067026,0.089697
aus,streamed-read,i16,1,60,100,0,8192,1,6.720512,0.406272,6.796943,7.074475,7.44356,0.060452
aus,streamed-read,i16,2,10,100,0,1024,1,3.002026,0.215372,3.05511,3.210959,3.477261,0.071742
aus,streamed-read,i16,2,10,100,0,16384,1,2.87246,0.341339,2.918425,3.296178,3.758768,0.118832
aus,streamed-read,i16,2,10,100,0,4096,1,2.793423,0.26463,2.790358,3.092942,3.300356,0.094733
aus,streamed-read,i16,2,10,100,0,512,1,2.976035,0.239616,3.067155,3.234128,3.310508,0.080515
aus,streamed-read,i16,2,10,100,0,8192,1,2.998196,0.184096,3.018956,3.138445,3.383521,0.061402
aus,streamed-read,i16,2,1,100,0,1024,1,1.080025,0.063926,1.084239,1.145474,1.222619,0.059189
aus,streamed-read,i16,2,1,100,0,16384,1,1.108943,0.0494,1.107043,1.154286,1.269856,0.044547
aus,streamed-read,i16,2,1,100,0,4096,1,1.102999,0.06342,1.097531,1.145698,1.31323,0.057498
aus,streamed-read,i16,2,1,100,0,512,1,1.099725,0.078498,1.110294,1.186621,1.302482,0.071379
aus,streamed-read,i16,2,1,100,0,8192,1,1.063971,0.054276,1.070749,1.104735,1.16138,0.051013
aus,streamed-read,i16,2,300,100,0,1024,1,56.224136,2.943652,56.102706,58.931403,65.026297,0.052356
aus,streamed-read,i16,2,300,100,0,16384,1,53.132676,3.1583,52.416256,56.667192,63.295309,0.059442
aus,streamed-read,i16,2,300,100,0,4096,1,54.088094,4.743934,53.557841,56.658529,72.142086,0.087708
aus,streamed-read,i16,2,300,100,0,512,1,56.758993,1.71545,56.809561,58.228325,61.721748,0.030223
aus,streamed-read,i16,2,300,100,0,8192,1,53.514834,2.075812,53.457791,55.805101,59.227753,0.038789
aus,streamed-read,i16,2,30,100,0,1024,1,6.582807,0.339926,6.518816,6.802856,7.777684,0.051638
aus,streamed-read,i16,2,30,100,0,16384,1,7.071903,0.455312,7.172485,7.465361,7.751276,0.064383
aus,streamed-read,i16,2,30,100,0,4096,1,7.502444,1.240792,7.34822,7.871312,13.751971,0.165385
aus,streamed-read,i16,2,30,100,0,512,1,6.454625,0.236123,6.443638,6.674375,7.190198,0.036582
aus,streamed-read,i16,2,30,100,0,8192,1,7.489765,0.479363,7.485762,7.952585,8.7489,0.064002
aus,streamed-read,i16,2,5,100,0,1024,1,2.080418,0.177079,2.115671,2.266161,2.346899,0.085117
aus,streamed-read,i16,2,5,100,0,16384,1,2.001066,0.167916,2.051622,2.16273,2.202356,0.083913
aus,streamed-read,i16,2,5,100,0,4096,1,1.93781,0.156146,1.98697,2.063722,2.31056,0.080579
aus,streamed-read,i16,2,5,100,0,512,1,1.97949,0.150821,2.039438,2.121811,2.21798,0.076192
aus,streamed-read,i16,2,5,100,0,8192,1,1.915101,0.163483,1.971674,2.064995,2.193014,0.085365
aus,streamed-read,i16,2,600,100,0,1024,1,110.366407,5.142579,110.788886,115.739644,124.9386,0.046596
aus,streamed-read,i16,2,600,100,0,16384,1,109.923386,9.573755,106.659448,122.436398,136.441713,0.087095
aus,streamed-read,i16,2,600,100,0,4096,1,107.087496,3.428185,107.657959,110.987157,113.220636,0.032013
aus,streamed-read,i16,2,600,100,0,512,1,113.244976,3.429635,112.811597,117.16315,124.521501,0.030285
aus,streamed-read,i16,2,600,100,0,8192,1,106.462692,5.823044,105.689418,113.212226,124.387978,0.054696
aus,streamed-read,i16,2,60,100,0,1024,1,11.622667,0.352862,11.62738,12.025878,12.331788,0.03036
aus,streamed-read,i16,2,60,100,0,16384,1,11.782045,0.986002,11.680811,12.918306,13.596945,0.083687
aus,streamed-read,i16,2,60,100,0,4096,1,11.587728,1.114159,11.346128,13.181774,14.726397,0.09615
aus,streamed-read,i16,2,60,100,0,512,1,11.723459,0.40471,11.733273,12.141187,12.674818,0.034521
aus,streamed-read,i16,2,60,100,0,8192,1,11.248127,0.876686,11.105188,12.630868,13.074515,0.077941
aus,streamed-read,i32,1,10,100,0,1024,1,2.921356,0.209585,2.927241,3.047815,3.400188,0.071742
aus,streamed-read,i32,1,10,100,0,16384,1,2.774024,0.450109,2.730907,2.863469,5.065823,0.162259
aus,streamed-read,i32,1,10,100,0,4096,1,2.773417,0.152672,2.775675,2.895471,3.294041,0.055048
aus,streamed-read,i32,1,10,100,0,512,1,2.819245,0.191787,2.841248,3.049278,3.154387,0.068028
aus,streamed-read,i32,1,10,100,0,8192,1,2.700979,0.173049,2.720688,2.844952,3.203654,0.064069
aus,streamed-read,i32,1,1,100,0,1024,1,1.020075,0.134204,1.001282,1.066105,1.382828,0.131563
aus,streamed-read,i32,1,1,100,0,16384,1,1.008795,0.054042,1.000587,1.049683,1.161428,0.053571
aus,streamed-read,i32,1,1,100,0,4096,1,0.982899,0.053315,0.980895,1.027352,1.0657,0.054243
aus,streamed-read,i32,1,1,100,0,512,1,1.002904,0.059812,0.998533,1.0535,1.125608,0.059639
aus,streamed-read,i32,1,1,100,0,8192,1,0.962358,0.040847,0.970293,0.995613,1.036931,0.042445
aus,streamed-read,i32,1,300,100,0,1024,1,58.008863,4.309639,59.809103,62.28696,64.605058,0.074293
aus,streamed-read,i32,1,300,100,0,16384,1,56.624877,4.229165,56.439617,61.528223,67.449198,0.074687
aus,streamed-read,i32,1,300,100,0,4096,1,59.523821,2.649682,59.399417,62.222626,68.411562,0.044515
aus,streamed-read,i32,1,300,100,0,512,1,57.522329,4.366605,58.067202,62.651754,64.974646,0.075911
aus,streamed-read,i32,1,300,100,0,8192,1,58.093797,2.126185,58.030712,60.363954,62.620699,0.036599
aus,streamed-read,i32,1,30,100,0,1024,1,6.243352,0.419287,6.362858,6.654049,7.075255,0.067157
aus,streamed-read,i32,1,30,100,0,16384,1,6.092945,0.592128,6.140428,6.436302,7.094087,0.097183
aus,streamed-read,i32,1,30,100,0,4096,1,6.348767,0.336159,6.382053,6.638836,7.137701,0.052949
aus,streamed-read,i32,1,30,100,0,512,1,6.206499,0.441132,6.238853,6.720651,6.917172,0.071076
aus,streamed-read,i32,1,30,100,0,8192,1,6.191938,0.338067,6.214935,6.623354,6.962188,0.054598
aus,streamed-read,i32,1,5,100,0,1024,1,1.828569,0.103096,1.844352,1.931689,2.041096,0.05638
aus,streamed-read,i32,1,5,100,0,16384,1,1.817082,0.074898,1.818831,1.87999,1.957027,0.041219
aus,streamed-read,i32,1,5,100,0,4096,1,1.783098,0.085449,1.791565,1.861519,1.891829,0.047921
aus,streamed-read,i32,1,5,100,0,512,1,1.855369,0.111356,1.873025,1.948439,2.053678,0.060018
aus,streamed-read,i32,1,5,100,0,8192,1,1.856244,0.113804,1.853365,1.949083,2.199735,0.061309
aus,streamed-read,i32,1,600,100,0,1024,1,114.562913,8.527955,117.656844,121.981141,126.147051,0.074439
aus,streamed-read,i32,1,600,100,0,16384,1,108.236826,6.341745,110.434307,114.011696,116.566675,0.058591
aus,streamed-read,i32,1,600,100,0,4096,1,115.763441,3.786911,115.54143,120.083515,123.604703,0.032712
aus,streamed-read,i32,1,600,100,0,512,1,112.136575,8.383658,110.236995,122.698632,125.999122,0.074763
aus,streamed-read,i32,1,600,100,0,8192,1,110.928582,5.628172,112.342765,116.236804,121.900978,0.050737
aus,streamed-read,i32,1,60,100,0,1024,1,12.664018,0.875916,12.831541,13.301197,14.528606,0.069166
aus,streamed-read,i32,1,60,100,0,16384,1,11.380413,0.711621,11.295172,12.167868,12.845721,0.06253
aus,streamed-read,i32,1,60,100,0,4096,1,12.601522,0.674399,12.650544,13.104011,14.388541,0.053517
aus,streamed-read,i32,1,60,100,0,512,1,13.100825,1.247463,13.159783,14.099936,16.962582,0.09522
aus,streamed-read,i32,1,60,100,0,8192,1,12.42633,1.071632,12.271354,13.256621,16.71381,0.086239
aus,streamed-read,i32,2,10,100,0,1024,1,4.634194,0.412814,4.802401,5.060311,5.177794,0.08908
aus,streamed-read,i32,2,10,100,0,16384,1,4.563608,0.341235,4.656466,4.951177,5.107473,0.074773
aus,streamed-read,i32,2,10,100,0,4096,1,4.634541,0.324535,4.670716,4.998893,5.195704,0.070025
aus,streamed-read,i32,2,10,100,0,512,1,4.473612,0.409612,4.398169,5.062749,5.30745,0.091562
aus,streamed-read,i32,2,10,100,0,8192,1,4.793478,0.260509,4.796189,5.12382,5.584832,0.054347
aus,streamed-read,i32,2,1,100,0,1024,1,1.265205,0.080054,1.286366,1.334927,1.420427,0.063274
aus,streamed-read,i32,2,1,100,0,16384,1,1.292688,0.078733,1.299269,1.357463,1.462405,0.060907
aus,streamed-read,i32,2,1,100,0,4096,1,1.266648,0.09045,1.262472,1.366757,1.43646,0.071409
aus,streamed-read,i32,2,1,100,0,512,1,1.299501,0.13121,1.299149,1.367156,1.943473,0.10097
aus,streamed-read,i32,2,1,100,0,8192,1,1.159947,0.100781,1.196992,1.264445,1.338625,0.086884
aus,streamed-read,i32,2,300,100,0,1024,1,107.790529,5.565244,106.729973,112.71436,124.669445,0.05163
aus,streamed-read,i32,2,300,100,0,16384,1,110.010922,6.610553,112.304271,115.486342,116.70766,0.06009
aus,streamed-read,i32,2,300,100,0,4096,1,113.628003,5.814074,114.791787,118.441127,121.894229,0.051168
aus,streamed-read,i32,2,300,100,0,512,1,111.101844,6.048158,110.066323,115.826636,132.975649,0.054438
aus,streamed-read,i32,2,300,100,0,8192,1,113.351943,8.046922,113.691697,117.211181,121.873439,0.070991
aus,streamed-read,i32,2,30,100,0,1024,1,11.72856,0.822198,11.532424,13.010208,13.53541,0.070102
aus,streamed-read,i32,2,30,100,0,16384,1,11.584715,0.78524,11.879148,12.461763,12.766268,0.067782
aus,streamed-read,i32,2,30,100,0,4096,1,11.968215,0.91285,12.14487,13.067941,13.333701,0.076273
aus,streamed-read,i32,2,30,100,0,512,1,11.387628,0.418257,11.447665,11.768648,12.140461,0.036729
aus,streamed-read,i32,2,30,100,0,8192,1,12.079989,0.847,12.278235,12.95591,13.286368,0.070116
aus,streamed-read,i32,2,5,100,0,1024,1,2.767946,0.220387,2.836268,3.019985,3.098881,0.079621
aus,streamed-read,i32,2,5,100,0,16384,1,2.754726,0.219355,2.774851,3.040455,3.20459,0.079628
aus,streamed-read,i32,2,5,100,0,4096,1,2.722765,0.241572,2.787424,2.95444,3.268338,0.088723
aus,streamed-read,i32,2,5,100,0,512,1,2.774534,0.229598,2.813371,3.016288,3.257736,0.082752
aus,streamed-read,i32,2,5,100,0,8192,1,2.527995,0.22878,2.58162,2.809554,2.878666,0.090498
aus,streamed-read,i32,2,600,100,0,1024,1,214.842139,7.053792,213.797609,222.227661,232.024793,0.032832
aus,streamed-read,i32,2,600,100,0,16384,1,227.146971,12.916561,229.273179,239.599544,246.736254,0.056864
aus,streamed-read,i32,2,600,100,0,4096,1,228.769419,12.6464,231.576595,242.463762,247.344124,0.05528
aus,streamed-read,i32,2,600,100,0,512,1,216.082105,6.125007,216.641094,220.766517,230.653466,0.028346
aus,streamed-read,i32,2,600,100,0,8192,1,229.238098,13.752824,232.747184,241.677051,254.155252,0.059994
aus,streamed-read,i32,2,60,100,0,1024,1,22.799837,2.311895,21.936591,26.06411,29.585146,0.1014
aus,streamed-read,i32,2,60,100,0,16384,1,22.894952,1.683636,23.221735,24.474145,27.842792,0.073537
aus,streamed-read,i32,2,60,100,0,4096,1,24.156706,1.810123,24.399999,26.114781,27.557387,0.074933
aus,streamed-read,i32,2,60,100,0,512,1,21.874071,0.821087,22.01071,22.660715,23.697842,0.037537
aus,streamed-read,i32,2,60,100,0,8192,1,23.466008,1.925001,23.635711,25.184039,28.248927,0.082034
hound,streamed-read,f32,1,10,100,0,1024,1,3.422749,0.170353,3.3732,3.625439,4.030356,0.049771
hound,streamed-read,f32,1,10,100,0,16384,1,3.396084,0.152439,3.365423,3.574728,3.78588,0.044887
hound,streamed-read,f32,1,10,100,0,4096,1,3.536345,0.171858,3.495348,3.771242,4.039913,0.048597
hound,streamed-read,f32,1,10,100,0,512,1,3.485455,0.296274,3.400326,4.033517,4.374765,0.085003
hound,streamed-read,f32,1,10,100,0,8192,1,3.39699,0.124211,3.380199,3.571378,3.741576,0.036565
hound,streamed-read,f32,1,1,100,0,1024,1,1.338042,0.128288,1.373496,1.452392,1.556109,0.095877
hound,streamed-read,f32,1,1,100,0,16384,1,1.177208,0.124842,1.15703,1.329759,1.535301,0.106049
hound,streamed-read,f32,1,1,100,0,4096,1,1.209396,0.116715,1.229728,1.344242,1.462522,0.096507
hound,streamed-read,f32,1,1,100,0,512,1,1.249217,0.148679,1.271558,1.398916,1.452494,0.119017
hound,streamed-read,f32,1,1,100,0,8192,1,1.248621,0.158985,1.281702,1.412033,1.519596,0.127328
hound,streamed-read,f32,1,300,100,0,1024,1,73.879314,3.230705,73.040537,76.544909,87.532615,0.043729
hound,streamed-read,f32,1,300,100,0,16384,1,73.068762,2.154541,72.707142,75.795065,79.894219,0.029486
hound,streamed-read,f32,1,300,100,0,4096,1,74.065038,4.141215,72.805362,77.68268,91.033188,0.055913
hound,streamed-read,f32,1,300,100,0,512,1,73.266885,3.230998,72.279226,76.57947,86.235419,0.044099
hound,streamed-read,f32,1,300,100,0,8192,1,72.050555,1.919244,71.876192,74.42626,76.639158,0.026637
hound,streamed-read,f32,1,30,100,0,1024,1,8.153972,0.696132,7.987414,9.199167,10.062736,0.085373
hound,streamed-read,f32,1,30,100,0,16384,1,8.033991,0.431355,7.943595,8.429409,9.521397,0.053691
hound,streamed-read,f32,1,30,100,0,4096,1,8.050556,0.4748,7.991047,8.391788,10.180524,0.058977
hound,streamed-read,f32,1,30,100,0,512,1,8.261071,0.491513,8.12475,8.960326,9.724399,0.059497
hound,streamed-read,f32,1,30,100,0,8192,1,7.959866,0.285053,7.921341,8.258898,8.526101,0.035811
hound,streamed-read,f32,1,5,100,0,1024,1,2.164898,0.091913,2.170435,2.260536,2.453751,0.042456
hound,streamed-read,f32,1,5,100,0,16384,1,2.102615,0.118935,2.117697,2.248889,2.354087,0.056565
hound,streamed-read,f32,1,5,100,0,4096,1,2.189163,0.108585,2.171284,2.306142,2.505747,0.049601
hound,streamed-read,f32,1,5,100,0,512,1,1.994844,0.089349,1.988236,2.105601,2.229829,0.04479
hound,streamed-read,f32,1,5,100,0,8192,1,2.034518,0.125453,1.998412,2.17396,2.466709,0.061662
hound,streamed-read,f32,1,600,100,0,1024,1,146.55031,5.310458,145.543743,152.046484,162.089812,0.036236
hound,streamed-read,f32,1,600,100,0,16384,1,146.896167,5.194833,146.540258,151.593954,163.883538,0.035364
hound,streamed-read,f32,1,600,100,0,4096,1,148.32946,7.481655,146.025782,157.730301,173.352186,0.050439
hound,streamed-read,f32,1,600,100,0,512,1,148.321219,4.498334,147.657293,153.547016,160.959177,0.030328
hound,streamed-read,f32,1,600,100,0,8192,1,148.15075,5.22011,146.951113,155.412906,162.328502,0.035235
hound,streamed-read,f32,1,60,100,0,1024,1,15.352599,0.409577,15.268538,15.931033,16.404755,0.026678
hound,streamed-read,f32,1,60,100,0,16384,1,15.520178,0.651292,15.416974,16.101985,17.775205,0.041964
hound,streamed-read,f32,1,60,100,0,4096,1,15.513965,0.61116,15.432095,16.154546,17.74072,0.039394
hound,streamed-read,f32,1,60,100,0,512,1,15.47469,0.748745,15.435165,16.349723,17.475051,0.048385
hound,streamed-read,f32,1,60,100,0,8192,1,15.319087,0.601387,15.170449,15.976481,17.095479,0.039257
hound,streamed-read,f32,2,10,100,0,1024,1,5.86958,0.29071,5.831803,6.223755,6.613089,0.049528
hound,streamed-read,f32,2,10,100,0,16384,1,5.791482,0.295555,5.719771,6.097185,6.866372,0.051033
hound,streamed-read,f32,2,10,100,0,4096,1,5.86019,0.38099,5.733724,6.464289,7.007067,0.065013
hound,streamed-read,f32,2,10,100,0,512,1,5.845016,0.301015,5.81842,6.052882,7.032886,0.051499
hound,streamed-read,f32,2,10,100,0,8192,1,5.82207,0.296212,5.719127,6.173584,6.695513,0.050878
hound,streamed-read,f32,2,1,100,0,1024,1,1.480546,0.157156,1.405111,1.667825,2.017084,0.106147
hound,streamed-read,f32,2,1,100,0,16384,1,1.473857,0.153976,1.411903,1.688015,1.803582,0.104471
hound,streamed-read,f32,2,1,100,0,4096,1,1.425065,0.145465,1.366008,1.622449,1.879713,0.102076
hound,streamed-read,f32,2,1,100,0,512,1,1.39548,0.110623,1.371447,1.583982,1.705926,0.079272
hound,streamed-read,f32,2,1,100,0,8192,1,1.442224,0.136774,1.379685,1.650836,1.729486,0.094836
hound,streamed-read,f32,2,300,100,0,1024,1,150.079341,6.30774,148.909571,156.853083,172.067783,0.042029
hound,streamed-read,f32,2,300,100,0,16384,1,148.014011,4.475637,147.453972,153.199838,160.649607,0.030238
hound,streamed-read,f32,2,300,100,0,4096,1,149.034107,5.892861,147.982825,157.472403,167.422756,0.03954
hound,streamed-read,f32,2,300,100,0,512,1,148.87566,6.131962,147.345956,156.33306,167.001422,0.041188
hound,streamed-read,f32,2,300,100,0,8192,1,148.203053,4.616405,147.59454,153.611659,161.260426,0.031149
hound,streamed-read,f32,2,30,100,0,1024,1,16.140198,0.832293,16.035705,17.047028,18.707519,0.051566
hound,streamed-read,f32,2,30,100,0,16384,1,15.43599,0.655677,15.317155,15.910794,16.748026,0.042477
hound,streamed-read,f32,2,30,100,0,4096,1,16.083003,0.788427,15.882641,16.968419,19.043509,0.049022
hound,streamed-read,f32,2,30,100,0,512,1,16.141297,0.988042,15.917429,16.979704,20.488269,0.061212
hound,streamed-read,f32,2,30,100,0,8192,1,16.075545,0.78247,15.98504,16.810679,19.20805,0.048675
hound,streamed-read,f32,2,5,100,0,1024,1,3.364027,0.171379,3.31034,3.64207,3.838151,0.050945
hound,streamed-read,f32,2,5,100,0,16384,1,3.27726,0.201132,3.236333,3.52438,3.772419,0.061372
hound,streamed-read,f32,2,5,100,0,4096,1,3.280641,0.107954,3.275621,3.405454,3.573636,0.032906
hound,streamed-read,f32,2,5,100,0,512,1,3.310068,0.174504,3.271095,3.517321,3.920396,0.052719
hound,streamed-read,f32,2,5,100,0,8192,1,3.361071,0.174208,3.325591,3.515534,4.122398,0.051831
hound,streamed-read,f32,2,600,100,0,1024,1,294.204599,7.438216,294.166757,303.211425,313.254816,0.025282
hound,streamed-read,f32,2,600,100,0,16384,1,298.161789,9.961518,297.122066,311.729692,320.561655,0.03341
hound,streamed-read,f32,2,600,100,0,4096,1,293.144799,10.222776,290.858301,304.07256,324.102442,0.034873
hound,streamed-read,f32,2,600,100,0,512,1,297.013392,10.557771,294.835916,309.115051,328.401433,0.035546
hound,streamed-read,f32,2,600,100,0,8192,1,294.8655,9.326194,293.704536,305.170778,324.916238,0.031629
hound,streamed-read,f32,2,60,100,0,1024,1,31.032928,2.380711,30.521028,34.192267,37.324169,0.076716
hound,streamed-read,f32,2,60,100,0,16384,1,30.338242,1.795008,30.098613,32.275469,35.523443,0.059167
hound,streamed-read,f32,2,60,100,0,4096,1,30.194703,1.53799,30.018508,31.561398,35.909148,0.050936
hound,streamed-read,f32,2,60,100,0,512,1,30.865517,1.922072,30.178571,33.568136,37.709779,0.062272
hound,streamed-read,f32,2,60,100,0,8192,1,30.453975,1.399912,30.13133,32.415089,35.201325,0.045968
hound,streamed-read,i16,1,10,100,0,1024,1,5.04327,0.183599,4.971441,5.289796,5.634634,0.036405
hound,streamed-read,i16,1,10,100,0,16384,1,4.874901,0.083669,4.862171,4.970088,5.155703,0.017163
hound,streamed-read,i16,1,10,100,0,4096,1,4.922408,0.125878,4.894237,5.000507,5.527037,0.025572
hound,streamed-read,i16,1,10,100,0,512,1,4.951107,0.128675,4.92162,5.033655,5.539939,0.025989
hound,streamed-read,i16,1,10,100,0,8192,1,4.928066,0.123078,4.90463,4.984373,5.443907,0.024975
hound,streamed-read,i16,1,1,100,0,1024,1,0.932087,0.021338,0.927371,0.956544,1.010805,0.022893
hound,streamed-read,i16,1,1,100,0,16384,1,0.932829,0.021953,0.930831,0.960478,0.992426,0.023533
hound,streamed-read,i16,1,1,100,0,4096,1,0.93897,0.042746,0.933979,0.978115,1.039334,0.045524
hound,streamed-read,i16,1,1,100,0,512,1,0.922963,0.035039,0.920733,0.955934,1.03269,0.037963
hound,streamed-read,i16,1,1,100,0,8192,1,0.935318,0.026999,0.931176,0.969324,1.013724,0.028866
hound,streamed-read,i16,1,300,100,0,1024,1,129.486328,2.083272,128.820311,131.722988,137.780389,0.016089
hound,streamed-read,i16,1,300,100,0,16384,1,129.71933,2.592656,128.918571,132.714091,139.422613,0.019987
hound,streamed-read,i16,1,300,100,0,4096,1,130.006448,2.695588,129.238882,131.795214,137.796919,0.020734
hound,streamed-read,i16,1,300,100,0,512,1,129.787443,1.8555,129.258982,131.612131,136.895341,0.014296
hound,streamed-read,i16,1,300,100,0,8192,1,130.191332,1.830113,129.745071,132.364042,135.579225,0.014057
hound,streamed-read,i16,1,30,100,0,1024,1,13.670845,0.405312,13.537075,14.244574,15.151881,0.029648
hound,streamed-read,i16,1,30,100,0,16384,1,13.521019,0.311355,13.440015,13.728597,14.468659,0.023028
hound,streamed-read,i16,1,30,100,0,4096,1,13.699139,0.461844,13.539654,14.562651,15.177335,0.033713
hound,streamed-read,i16,1,30,100,0,512,1,13.622647,0.285476,13.537052,14.044453,14.413426,0.020956
hound,streamed-read,i16,1,30,100,0,8192,1,13.482759,0.178519,13.431389,13.713511,14.152431,0.013241
hound,streamed-read,i16,1,5,100,0,1024,1,2.795653,0.088552,2.773412,2.880298,3.095615,0.031675
hound,streamed-read,i16,1,5,100,0,16384,1,2.761245,0.079901,2.733564,2.85088,3.044657,0.028937
hound,streamed-read,i16,1,5,100,0,4096,1,2.765783,0.092387,2.751595,2.900154,3.049558,0.033403
hound,streamed-read,i16,1,5,100,0,512,1,2.755261,0.087843,2.742098,2.810313,3.143672,0.031882
hound,streamed-read,i16,1,5,100,0,8192,1,2.771798,0.118491,2.7391,2.92349,3.292739,0.042749
hound,streamed-read,i16,1,600,100,0,1024,1,259.530397,3.261296,258.707825,263.003634,274.578415,0.012566
hound,streamed-read,i16,1,600,100,0,16384,1,259.776266,4.079689,258.373759,266.33407,272.716314,0.015705
hound,streamed-read,i16,1,600,100,0,4096,1,258.901465,3.502535,257.911903,262.189828,270.635559,0.013528
hound,streamed-read,i16,1,600,100,0,512,1,260.092686,6.366041,257.128029,268.365129,283.069178,0.024476
hound,streamed-read,i16,1,600,100,0,8192,1,259.072407,2.699202,258.083429,262.670675,268.857075,0.010419
hound,streamed-read,i16,1,60,100,0,1024,1,26.56399,0.663635,26.353158,27.266424,29.763243,0.024982
hound,streamed-read,i16,1,60,100,0,16384,1,26.382307,0.456239,26.279375,26.709122,28.337226,0.017293
hound,streamed-read,i16,1,60,100,0,4096,1,26.934605,0.967377,26.586631,28.46823,29.789877,0.035916
hound,streamed-read,i16,1,60,100,0,512,1,26.389955,0.721966,26.186878,27.074684,29.090818,0.027358
hound,streamed-read,i16,1,60,100,0,8192,1,26.821321,1.083653,26.391593,28.172773,30.51779,0.040403
hound,streamed-read,i16,2,10,100,0,1024,1,9.201831,0.179192,9.15578,9.375009,9.717929,0.019473
hound,streamed-read,i16,2,10,100,0,16384,1,9.217374,0.333772,9.111396,9.553933,10.230204,0.036211
hound,streamed-read,i16,2,10,100,0,4096,1,9.231803,0.287697,9.15243,9.4055,10.285645,0.031164
hound,streamed-read,i16,2,10,100,0,512,1,9.191708,0.228491,9.12567,9.300629,10.233808,0.024858
hound,streamed-read,i16,2,10,100,0,8192,1,9.152969,0.103763,9.141069,9.267145,9.558072,0.011336
hound,streamed-read,i16,2,1,100,0,1024,1,1.502884,0.035989,1.494266,1.544007,1.622185,0.023947
hound,streamed-read,i16,2,1,100,0,16384,1,1.484428,0.055048,1.488151,1.535159,1.669783,0.037083
hound,streamed-read,i16,2,1,100,0,4096,1,1.50981,0.042142,1.499452,1.567931,1.658326,0.027912
hound,streamed-read,i16,2,1,100,0,512,1,1.490518,0.046334,1.484556,1.517067,1.648136,0.031086
hound,streamed-read,i16,2,1,100,0,8192,1,1.512095,0.044933,1.511396,1.565771,1.619389,0.029716
hound,streamed-read,i16,2,300,100,0,1024,1,260.291799,4.476665,258.850329,266.249073,273.094491,0.017199
hound,streamed-read,i16,2,300,100,0,16384,1,258.999744,4.195497,257.521695,263.133483,277.092657,0.016199
hound,streamed-read,i16,2,300,100,0,4096,1,259.917377,4.142973,258.882855,264.845586,272.924924,0.01594
hound,streamed-read,i16,2,300,100,0,512,1,257.972329,3.353877,257.3313,261.242262,272.023724,0.013001
hound,streamed-read,i16,2,300,100,0,8192,1,259.160022,3.043747,258.270775,262.348512,273.327373,0.011745
hound,streamed-read,i16,2,30,100,0,1024,1,26.327374,0.628216,26.135151,26.855068,29.444344,0.023862
hound,streamed-read,i16,2,30,100,0,16384,1,26.471395,0.485166,26.328233,27.004713,27.918306,0.018328
hound,streamed-read,i16,2,30,100,0,4096,1,26.272714,0.412091,26.179848,26.601363,27.696662,0.015685
hound,streamed-read,i16,2,30,100,0,512,1,26.382268,0.726784,26.129758,26.837839,29.372321,0.027548
hound,streamed-read,i16,2,30,100,0,8192,1,26.382162,0.48998,26.237258,26.6808,28.13947,0.018572
hound,streamed-read,i16,2,5,100,0,1024,1,4.925608,0.137362,4.897764,5.040169,5.449401,0.027887
hound,streamed-read,i16,2,5,100,0,16384,1,4.969092,0.134064,4.95025,5.040283,5.681279,0.026979
hound,streamed-read,i16,2,5,100,0,4096,1,4.959942,0.105811,4.932039,5.073426,5.328131,0.021333
hound,streamed-read,i16,2,5,100,0,512,1,4.971286,0.116742,4.946796,5.12015,5.314117,0.023483
hound,streamed-read,i16,2,5,100,0,8192,1,4.909811,0.123729,4.888942,4.999471,5.449841,0.0252
hound,streamed-read,i16,2,600,100,0,1024,1,518.299604,6.248987,517.125414,526.834747,535.916466,0.012057
hound,streamed-read,i16,2,600,100,0,16384,1,518.630007,6.262317,516.500596,525.286193,544.225561,0.012075
hound,streamed-read,i16,2,600,100,0,4096,1,517.306285,5.863799,515.922071,521.759879,539.469688,0.011335
hound,streamed-read,i16,2,600,100,0,512,1,517.148357,7.714588,514.216899,526.446497,548.808489,0.014918
hound,streamed-read,i16,2,600,100,0,8192,1,516.073973,5.865278,514.930365,521.329083,537.037076,0.011365
hound,streamed-read,i16,2,60,100,0,1024,1,51.69391,0.546171,51.509626,52.372595,53.577906,0.010565
hound,streamed-read,i16,2,60,100,0,16384,1,51.714856,0.529487,51.560071,52.354767,54.158729,0.010239
hound,streamed-read,i16,2,60,100,0,4096,1,51.911934,1.303396,51.570211,52.737707,58.130977,0.025108
hound,streamed-read,i16,2,60,100,0,512,1,51.753365,0.729679,51.620771,52.128087,55.349081,0.014099
hound,streamed-read,i16,2,60,100,0,8192,1,52.158419,0.674271,52.040807,52.902644,53.840223,0.012927
hound,streamed-read,i32,1,10,100,0,1024,1,3.927733,0.33455,3.841728,4.172971,5.473316,0.085176
hound,streamed-read,i32,1,10,100,0,16384,1,3.882133,0.236661,3.822423,4.169026,4.595322,0.060962
hound,streamed-read,i32,1,10,100,0,4096,1,3.778172,0.1294,3.750425,3.954892,4.167736,0.034249
hound,streamed-read,i32,1,10,100,0,512,1,3.87603,0.263592,3.802278,4.223682,4.627322,0.068006
hound,streamed-read,i32,1,10,100,0,8192,1,3.790901,0.170582,3.76767,3.942218,4.281814,0.044998
hound,streamed-read,i32,1,1,100,0,1024,1,1.1241,0.15087,1.059249,1.328393,1.364471,0.134214
hound,streamed-read,i32,1,1,100,0,16384,1,1.147698,0.137719,1.111248,1.316157,1.373344,0.119996
hound,streamed-read,i32,1,1,100,0,4096,1,1.092677,0.121354,1.06748,1.276143,1.331378,0.111061
hound,streamed-read,i32,1,1,100,0,512,1,1.179827,0.130479,1.174193,1.340518,1.377265,0.110592
hound,streamed-read,i32,1,1,100,0,8192,1,1.146763,0.154488,1.127273,1.32165,1.439154,0.134716
hound,streamed-read,i32,1,300,100,0,1024,1,89.411238,3.775436,88.704774,93.465136,99.184778,0.042226
hound,streamed-read,i32,1,300,100,0,16384,1,89.763545,4.63967,88.600723,94.813324,103.667223,0.051688
hound,streamed-read,i32,1,300,100,0,4096,1,89.495027,3.646618,89.123924,92.82614,101.231176,0.040747
hound,streamed-read,i32,1,300,100,0,512,1,88.727166,3.721622,88.099554,92.774202,99.089781,0.041945
hound,streamed-read,i32,1,300,100,0,8192,1,91.123435,6.355883,88.815804,101.001205,110.645611,0.06975
hound,streamed-read,i32,1,30,100,0,1024,1,9.403216,0.824562,9.25259,10.22837,12.15424,0.087689
hound,streamed-read,i32,1,30,100,0,16384,1,9.387595,0.487254,9.251977,9.924321,11.434289,0.051904
hound,streamed-read,i32,1,30,100,0,4096,1,9.337921,0.77633,9.210436,9.761791,11.582537,0.083137
hound,streamed-read,i32,1,30,100,0,512,1,9.570363,0.620235,9.413898,10.339172,12.07643,0.064808
hound,streamed-read,i32,1,30,100,0,8192,1,9.27567,0.437697,9.174739,9.689707,10.969232,0.047188
hound,streamed-read,i32,1,5,100,0,1024,1,2.219332,0.095815,2.202319,2.340342,2.531556,0.043173
hound,streamed-read,i32,1,5,100,0,16384,1,2.33251,0.095778,2.316762,2.446808,2.619159,0.041062
hound,streamed-read,i32,1,5,100,0,4096,1,2.272419,0.116601,2.248373,2.405451,2.716231,0.051311
hound,streamed-read,i32,1,5,100,0,512,1,2.19706,0.0587,2.188642,2.261833,2.342433,0.026718
hound,streamed-read,i32,1,5,100,0,8192,1,2.350411,0.228697,2.302672,2.43086,2.910409,0.097301
hound,streamed-read,i32,1,600,100,0,1024,1,177.308635,7.603261,175.663807,183.827666,207.060635,0.042882
hound,streamed-read,i32,1,600,100,0,16384,1,177.343604,7.604513,176.248403,183.5891,208.154766,0.04288
hound,streamed-read,i32,1,600,100,0,4096,1,180.523445,9.624504,178.674472,198.010137,210.216879,0.053314
hound,streamed-read,i32,1,600,100,0,512,1,178.805409,8.277778,177.038727,188.425587,211.376507,0.046295
hound,streamed-read,i32,1,600,100,0,8192,1,181.111683,9.779182,179.693577,194.83232,205.675884,0.053995
hound,streamed-read,i32,1,60,100,0,1024,1,18.796533,1.58846,18.462409,19.795585,26.582836,0.084508
hound,streamed-read,i32,1,60,100,0,16384,1,18.687935,1.23671,18.462164,19.694077,22.516472,0.066177
hound,streamed-read,i32,1,60,100,0,4096,1,18.828994,1.064556,18.656544,19.535128,22.128295,0.056538
hound,streamed-read,i32,1,60,100,0,512,1,18.833006,1.104364,18.630106,19.828846,22.554446,0.05864
hound,streamed-read,i32,1,60,100,0,8192,1,18.651286,1.095279,18.307392,19.780155,22.237607,0.058724
hound,streamed-read,i32,2,10,100,0,1024,1,6.771091,0.354855,6.646466,7.164972,7.84535,0.052407
hound,streamed-read,i32,2,10,100,0,16384,1,6.695133,0.405661,6.618068,7.009239,8.400904,0.06059
hound,streamed-read,i32,2,10,100,0,4096,1,6.830298,0.45318,6.684066,7.624547,7.960201,0.066348
hound,streamed-read,i32,2,10,100,0,512,1,6.792597,0.336332,6.692711,7.197973,7.581793,0.049515
hound,streamed-read,i32,2,10,100,0,8192,1,6.857746,0.564631,6.689827,7.681671,8.780395,0.082335
hound,streamed-read,i32,2,1,100,0,1024,1,1.418795,0.057819,1.409877,1.494008,1.610384,0.040752
hound,streamed-read,i32,2,1,100,0,16384,1,1.384395,0.068633,1.372518,1.457928,1.56858,0.049576
hound,streamed-read,i32,2,1,100,0,4096,1,1.449769,0.077985,1.440645,1.521106,1.696706,0.053791
hound,streamed-read,i32,2,1,100,0,512,1,1.394044,0.064137,1.384091,1.451678,1.680986,0.046008
hound,streamed-read,i32,2,1,100,0,8192,1,1.399775,0.087081,1.388372,1.500516,1.681626,0.062211
hound,streamed-read,i32,2,300,100,0,1024,1,175.026387,5.870019,173.445186,180.393641,193.118251,0.033538
hound,streamed-read,i32,2,300,100,0,16384,1,176.065555,5.25064,175.990408,182.006907,190.963156,0.029822
hound,streamed-read,i32,2,300,100,0,4096,1,176.402632,6.353282,175.30753,183.769445,196.796571,0.036016
hound,streamed-read,i32,2,300,100,0,512,1,176.985576,6.667888,175.878471,185.505651,197.339609,0.037675
hound,streamed-read,i32,2,300,100,0,8192,1,176.189442,7.731791,174.713573,181.763405,195.094053,0.043883
hound,streamed-read,i32,2,30,100,0,1024,1,18.697639,1.486116,18.307384,20.667996,23.968224,0.079481
hound,streamed-read,i32,2,30,100,0,16384,1,18.598892,0.897301,18.410054,19.634599,21.0236,0.048245
hound,streamed-read,i32,2,30,100,0,4096,1,18.484216,1.306611,18.300161,19.440608,23.765853,0.070688
hound,streamed-read,i32,2,30,100,0,512,1,18.363307,0.743021,18.299095,19.186779,20.314068,0.040462
hound,streamed-read,i32,2,30,100,0,8192,1,18.351728,1.274944,18.115141,19.904627,23.230342,0.069473
hound,streamed-read,i32,2,5,100,0,1024,1,3.601208,0.128865,3.595623,3.757014,3.908278,0.035784
hound,streamed-read,i32,2,5,100,0,16384,1,3.722784,0.209632,3.676402,3.942654,4.46633,0.056311
hound,streamed-read,i32,2,5,100,0,4096,1,3.802653,0.2523,3.738391,4.005466,4.670357,0.066348
hound,streamed-read,i32,2,5,100,0,512,1,3.690448,0.180188,3.632814,3.940525,4.18819,0.048825
hound,streamed-read,i32,2,5,100,0,8192,1,3.752461,0.169828,3.736104,3.952648,4.259317,0.045258
hound,streamed-read,i32,2,600,100,0,1024,1,353.068695,8.890022,351.765461,366.077514,379.547862,0.025179
hound,streamed-read,i32,2,600,100,0,16384,1,356.554726,15.341042,353.888511,377.490815,415.208796,0.043026
hound,streamed-read,i32,2,600,100,0,4096,1,353.875986,9.451123,352.733511,363.872013,378.74177,0.026707
hound,streamed-read,i32,2,600,100,0,512,1,351.781784,7.596875,350.729446,360.80789,373.076709,0.021595
hound,streamed-read,i32,2,600,100,0,8192,1,353.434964,10.339778,351.090241,368.015614,378.096661,0.029255
hound,streamed-read,i32,2,60,100,0,1024,1,36.54504,2.010364,36.116298,38.506098,43.934877,0.055011
hound,streamed-read,i32,2,60,100,0,16384,1,36.471103,1.51712,36.074066,37.868866,41.4688,0.041598
hound,streamed-read,i32,2,60,100,0,4096,1,36.498826,1.824118,36.160499,38.201697,41.970967,0.049977
hound,streamed-read,i32,2,60,100,0,512,1,36.15923,1.264979,35.807494,37.616134,40.73811,0.034984
hound,streamed-read,i32,2,60,100,0,8192,1,36.850052,2.324788,36.550236,39.09041,46.148896,0.063088
aus,streamed-read,f32,1,10,100,0,1024,0,0.271065,0.006306,0.2693,0.276106,0.303715,0.023263
aus,streamed-read,f32,1,10,100,0,16384,0,0.12139,0.002546,0.120748,0.123035,0.132689,0.020975
aus,streamed-read,f32,1,10,100,0,4096,0,0.17433,0.007267,0.172314,0.177672,0.203021,0.041683
aus,streamed-read,f32,1,10,100,0,512,0,0.300076,0.008548,0.299157,0.305732,0.326961,0.028485
aus,streamed-read,f32,1,10,100,0,8192,0,0.141836,0.004415,0.140679,0.145239,0.160081,0.031126
aus,streamed-read,f32,1,1,100,0,1024,0,0.030014,0.0015,0.029689,0.030524,0.033406,0.049991
aus,streamed-read,f32,1,1,100,0,16384,0,0.015571,0.000475,0.015405,0.015987,0.017134,0.030537
aus,streamed-read,f32,1,1,100,0,4096,0,0.020625,0.000716,0.020398,0.021084,0.02333,0.034721
aus,streamed-read,f32,1,1,100,0,512,0,0.033878,0.001296,0.033649,0.034414,0.037848,0.038269
aus,streamed-read,f32,1,1,100,0,8192,0,0.017667,0.000416,0.01758,0.01798,0.018718,0.023519
aus,streamed-read,f32,1,300,100,0,1024,0,9.616986,0.257103,9.549714,9.837915,10.444885,0.026734
aus,streamed-read,f32,1,300,100,0,16384,0,4.332099,0.162676,4.315863,4.494628,4.911946,0.037551
aus,streamed-read,f32,1,300,100,0,4096,0,6.221916,0.10729,6.202585,6.370235,6.5121,0.017244
aus,streamed-read,f32,1,300,100,0,512,0,10.92005,0.263817,10.85864,11.2475,11.740955,0.024159
aus,streamed-read,f32,1,300,100,0,8192,0,4.934652,0.099395,4.909526,5.056036,5.202982,0.020142
aus,streamed-read,f32,1,30,100,0,1024,0,0.809355,0.034477,0.792684,0.851373,0.933494,0.042598
aus,streamed-read,f32,1,30,100,0,16384,0,0.348785,0.006052,0.347701,0.355487,0.369795,0.017352
aus,streamed-read,f32,1,30,100,0,4096,0,0.519401,0.015335,0.515343,0.532521,0.568769,0.029524
aus,streamed-read,f32,1,30,100,0,512,0,0.896185,0.023649,0.891519,0.910887,0.976003,0.026388
aus,streamed-read,f32,1,30,100,0,8192,0,0.418733,0.016142,0.415763,0.421708,0.510867,0.038549
aus,streamed-read,f32,1,5,100,0,1024,0,0.130508,0.004032,0.129476,0.133241,0.137374,0.030895
aus,streamed-read,f32,1,5,100,0,16384,0,0.061187,0.001388,0.06077,0.062515,0.066726,0.022677
aus,streamed-read,f32,1,5,100,0,4096,0,0.087465,0.002233,0.087108,0.088761,0.091906,0.025532
aus,streamed-read,f32,1,5,100,0,512,0,0.15083,0.005149,0.149183,0.154337,0.170712,0.034138
aus,streamed-read,f32,1,5,100,0,8192,0,0.070828,0.00154,0.070642,0.071787,0.076842,0.021741
aus,streamed-read,f32,1,600,100,0,1024,0,20.077135,1.140169,19.609398,22.002254,23.425518,0.056789
aus,streamed-read,f32,1,600,100,0,16384,0,9.296721,0.428824,9.259635,9.793141,10.410141,0.046126
aus,streamed-read,f32,1,600,100,0,4096,0,13.355842,0.311341,13.310437,13.643252,14.681224,0.023311
aus,streamed-read,f32,1,600,100,0,512,0,22.026952,0.4347,21.99126,22.51451,23.46256,0.019735
aus,streamed-read,f32,1,600,100,0,8192,0,10.874636,0.346927,10.893535,11.181814,12.005185,0.031902
aus,streamed-read,f32,1,60,100,0,1024,0,1.588347,0.054666,1.576553,1.626459,1.808841,0.034417
aus,streamed-read,f32,1,60,100,0,16384,0,0.647349,0.020906,0.642517,0.676965,0.705541,0.032294
aus,streamed-read,f32,1,60,100,0,4096,0,0.994522,0.028185,0.982595,1.035864,1.070491,0.02834
aus,streamed-read,f32,1,60,100,0,512,0,1.933114,0.115844,1.906576,2.076899,2.343216,0.059926
aus,streamed-read,f32,1,60,100,0,8192,0,0.802841,0.026427,0.801335,0.827631,0.862767,0.032917
aus,streamed-read,f32,2,10,100,0,1024,0,0.719728,0.021015,0.712377,0.747878,0.79789,0.029199
aus,streamed-read,f32,2,10,100,0,16384,0,0.424527,0.007948,0.422257,0.431885,0.446078,0.018723
aus,streamed-read,f32,2,10,100,0,4096,0,0.504113,0.033422,0.495901,0.506122,0.677729,0.066298
aus,streamed-read,f32,2,10,100,0,512,0,0.788507,0.03054,0.778979,0.81851,0.911519,0.038731
aus,streamed-read,f32,2,10,100,0,8192,0,0.438857,0.020205,0.43313,0.446607,0.54523,0.046039
aus,streamed-read,f32,2,1,100,0,1024,0,0.076921,0.004679,0.075133,0.081783,0.095774,0.060825
aus,streamed-read,f32,2,1,100,0,16384,0,0.048987,0.001294,0.048853,0.049682,0.056085,0.02641
aus,streamed-read,f32,2,1,100,0,4096,0,0.051468,0.001314,0.051087,0.052216,0.057277,0.02553
aus,streamed-read,f32,2,1,100,0,512,0,0.080661,0.00202,0.079978,0.08221,0.090569,0.025049
aus,streamed-read,f32,2,1,100,0,8192,0,0.04761,0.002001,0.046972,0.04911,0.055548,0.042037
aus,streamed-read,f32,2,300,100,0,1024,0,26.775923,1.6404,26.27991,28.019425,32.848937,0.061264
aus,streamed-read,f32,2,300,100,0,16384,0,16.893561,0.429472,16.817929,17.391642,17.743204,0.025422
aus,streamed-read,f32,2,300,100,0,4096,0,19.170886,0.741935,18.991495,19.790885,21.769147,0.038701
aus,streamed-read,f32,2,300,100,0,512,0,28.140403,1.331012,27.826245,28.935015,31.674019,0.047299
aus,streamed-read,f32,2,300,100,0,8192,0,17.810205,0.928398,17.495943,19.101194,21.079947,0.052127
aus,streamed-read,f32,2,30,100,0,1024,0,2.338574,0.125125,2.321744,2.512756,2.741852,0.053505
aus,streamed-read,f32,2,30,100,0,16384,0,1.32777,0.097733,1.292726,1.43974,1.726406,0.073607
aus,streamed-read,f32,2,30,100,0,4096,0,1.570259,0.080602,1.557516,1.67439,1.797892,0.05133
aus,streamed-read,f32,2,30,100,0,512,0,2.399499,0.106437,2.367512,2.523265,2.799959,0.044358
aus,streamed-read,f32,2,30,100,0,8192,0,1.343552,0.082987,1.317001,1.430085,1.67481,0.061767
aus,streamed-read,f32,2,5,100,0,1024,0,0.3632,0.00796,0.360016,0.372667,0.389708,0.021917
aus,streamed-read,f32,2,5,100,0,16384,0,0.222515,0.004556,0.220745,0.2275,0.240319,0.020476
aus,streamed-read,f32,2,5,100,0,4096,0,0.250907,0.005896,0.248757,0.255651,0.276684,0.023497
aus,streamed-read,f32,2,5,100,0,512,0,0.404506,0.012302,0.401657,0.415355,0.450553,0.030412
aus,streamed-read,f32,2,5,100,0,8192,0,0.23016,0.016559,0.224812,0.24035,0.305913,0.071945
aus,streamed-read,f32,2,600,100,0,1024,0,51.080466,1.176659,50.606935,52.42961,55.452076,0.023035
aus,streamed-read,f32,2,600,100,0,16384,0,31.905468,1.546878,31.525432,32.929697,39.244572,0.048483
aus,streamed-read,f32,2,600,100,0,4096,0,35.914116,1.555671,35.65569,36.530914,45.046723,0.043316
aus,streamed-read,f32,2,600,100,0,512,0,54.543702,1.241452,54.100801,56.037437,58.628139,0.022761
aus,streamed-read,f32,2,600,100,0,8192,0,32.588127,1.358805,32.234165,33.487277,38.128232,0.041696
aus,streamed-read,f32,2,60,100,0,1024,0,5.028569,0.299062,5.013419,5.20635,5.695897,0.059473
aus,streamed-read,f32,2,60,100,0,16384,0,2.897876,0.142488,2.881518,3.052597,3.398249,0.04917
aus,streamed-read,f32,2,60,100,0,4096,0,3.533179,0.168018,3.52234,3.715774,4.093549,0.047554
aus,streamed-read,f32,2,60,100,0,512,0,5.445998,0.391556,5.331122,6.100757,6.637226,0.071898
aus,streamed-read,f32,2,60,100,0,8192,0,3.18415,0.199904,3.134026,3.39927,3.680758,0.062781
aus,streamed-read,i16,1,10,100,0,1024,0,0.151497,0.003103,0.150326,0.155841,0.162683,0.02048
aus,streamed-read,i16,1,10,100,0,16384,0,0.074888,0.002384,0.074214,0.076635,0.082817,0.031839
aus,streamed-read,i16,1,10,100,0,4096,0,0.130555,0.004371,0.129351,0.132288,0.14654,0.033482
aus,streamed-read,i16,1,10,100,0,512,0,0.140675,0.003746,0.139594,0.14348,0.159178,0.026625
aus,streamed-read,i16,1,10,100,0,8192,0,0.088432,0.002485,0.087873,0.090066,0.100624,0.028106
aus,streamed-read,i16,1,1,100,0,1024,0,0.018578,0.00036,0.018478,0.01888,0.019796,0.019383
aus,streamed-read,i16,1,1,100,0,16384,0,0.01148,0.000464,0.011361,0.011786,0.013434,0.040445
aus,streamed-read,i16,1,1,100,0,4096,0,0.016826,0.000595,0.016619,0.017093,0.019205,0.03537
aus,streamed-read,i16,1,1,100,0,512,0,0.017383,0.000535,0.017165,0.018124,0.019318,0.030804
aus,streamed-read,i16,1,1,100,0,8192,0,0.012955,0.000364,0.012848,0.013107,0.014681,0.028087
aus,streamed-read,i16,1,300,100,0,1024,0,5.563774,0.285761,5.521057,5.808819,6.24191,0.051361
aus,streamed-read,i16,1,300,100,0,16384,0,2.987758,0.193175,2.960505,3.258308,3.431255,0.064655
aus,streamed-read,i16,1,300,100,0,4096,0,4.622877,0.186728,4.61496,4.823415,5.11381,0.040392
aus,streamed-read,i16,1,300,100,0,512,0,5.193608,0.21261,5.222335,5.374612,5.765704,0.040937
aus,streamed-read,i16,1,300,100,0,8192,0,3.318166,0.189911,3.28014,3.525193,3.861032,0.057234
aus,streamed-read,i16,1,30,100,0,1024,0,0.454987,0.021791,0.448783,0.467753,0.555418,0.047895
aus,streamed-read,i16,1,30,100,0,16384,0,0.221437,0.01258,0.214323,0.239271,0.254479,0.056808
aus,streamed-read,i16,1,30,100,0,4096,0,0.372888,0.011816,0.369719,0.382184,0.401243,0.031687
aus,streamed-read,i16,1,30,100,0,512,0,0.428392,0.027142,0.417866,0.454231,0.555999,0.063358
aus,streamed-read,i16,1,30,100,0,8192,0,0.261285,0.006635,0.259459,0.266895,0.289858,0.025392
aus,streamed-read,i16,1,5,100,0,1024,0,0.076333,0.002095,0.075763,0.078137,0.087214,0.027447
aus,streamed-read,i16,1,5,100,0,16384,0,0.038435,0.00101,0.037957,0.040396,0.04143,0.026277
aus,streamed-read,i16,1,5,100,0,4096,0,0.06789,0.005059,0.065968,0.073734,0.085546,0.074511
aus,streamed-read,i16,1,5,100,0,512,0,0.070041,0.002069,0.069238,0.073097,0.076924,0.029534
aus,streamed-read,i16,1,5,100,0,8192,0,0.045347,0.001471,0.044689,0.04784,0.050208,0.032442
aus,streamed-read,i16,1,600,100,0,1024,0,10.938244,0.40897,10.854924,11.167831,12.870103,0.037389
aus,streamed-read,i16,1,600,100,0,16384,0,5.622799,0.221929,5.551778,5.880862,6.386752,0.03947
aus,streamed-read,i16,1,600,100,0,4096,0,9.116642,0.180045,9.073682,9.321679,9.678735,0.019749
aus,streamed-read,i16,1,600,100,0,512,0,10.330597,0.372844,10.233839,10.59562,11.814825,0.036091
aus,streamed-read,i16,1,600,100,0,8192,0,6.759919,0.174212,6.70951,6.895438,7.386031,0.025771
aus,streamed-read,i16,1,60,100,0,1024,0,0.901832,0.02378,0.894017,0.926303,0.987772,0.026368
aus,streamed-read,i16,1,60,100,0,16384,0,0.421775,0.011205,0.417764,0.438932,0.453876,0.026566
aus,streamed-read,i16,1,60,100,0,4096,0,0.74013,0.026189,0.732539,0.763516,0.824022,0.035385
aus,streamed-read,i16,1,60,100,0,512,0,0.836707,0.026927,0.829312,0.856317,0.921815,0.032182
aus,streamed-read,i16,1,60,100,0,8192,0,0.508767,0.009284,0.505808,0.518545,0.539241,0.018249
aus,streamed-read,i16,2,10,100,0,1024,0,0.485699,0.017928,0.481883,0.496952,0.522794,0.036911
aus,streamed-read,i16,2,10,100,0,16384,0,0.301364,0.011068,0.29879,0.308339,0.347079,0.036727
aus,streamed-read,i16,2,10,100,0,4096,0,0.365008,0.012325,0.360096,0.376085,0.409394,0.033767
aus,streamed-read,i16,2,10,100,0,512,0,0.541681,0.037028,0.524609,0.598321,0.661322,0.068358
aus,streamed-read,i16,2,10,100,0,8192,0,0.32804,0.00815,0.32544,0.33637,0.356177,0.024844
aus,streamed-read,i16,2,1,100,0,1024,0,0.050933,0.001676,0.050437,0.052103,0.057145,0.032898
aus,streamed-read,i16,2,1,100,0,16384,0,0.0345,0.001527,0.034092,0.035343,0.041142,0.044266
aus,streamed-read,i16,2,1,100,0,4096,0,0.040829,0.002059,0.040044,0.04265,0.049947,0.05043
aus,streamed-read,i16,2,1,100,0,512,0,0.056768,0.002664,0.056043,0.0585,0.064696,0.046931
aus,streamed-read,i16,2,1,100,0,8192,0,0.036967,0.000993,0.036664,0.037855,0.039396,0.026874
aus,streamed-read,i16,2,300,100,0,1024,0,16.396749,0.289279,16.31126,16.766889,17.116353,0.017642
aus,streamed-read,i16,2,300,100,0,16384,0,10.970966,1.0552,10.661794,11.802379,15.090804,0.096181
aus,streamed-read,i16,2,300,100,0,4096,0,13.051884,0.727961,12.861863,13.354315,16.601759,0.055774
aus,streamed-read,i16,2,300,100,0,512,0,18.132998,0.516448,17.921739,18.740802,19.817948,0.028481
aus,streamed-read,i16,2,300,100,0,8192,0,11.562642,0.33614,11.43694,11.925034,12.675081,0.029071
aus,streamed-read,i16,2,30,100,0,1024,0,1.450939,0.039365,1.437453,1.504412,1.57213,0.027131
aus,streamed-read,i16,2,30,100,0,16384,0,0.91642,0.079004,0.889931,1.023711,1.133097,0.086209
aus,streamed-read,i16,2,30,100,0,4096,0,1.08781,0.023661,1.078567,1.116524,1.155197,0.021751
aus,streamed-read,i16,2,30,100,0,512,0,1.634573,0.043362,1.62487,1.661634,1.793078,0.026528
aus,streamed-read,i16,2,30,100,0,8192,0,0.984731,0.049167,0.970931,1.017365,1.207644,0.04993
aus,streamed-read,i16,2,5,100,0,1024,0,0.239756,0.009964,0.235903,0.248564,0.276808,0.041559
aus,streamed-read,i16,2,5,100,0,16384,0,0.152931,0.002699,0.151816,0.156397,0.160178,0.017646
aus,streamed-read,i16,2,5,100,0,4096,0,0.184904,0.003296,0.183808,0.189409,0.197565,0.017828
aus,streamed-read,i16,2,5,100,0,512,0,0.276629,0.018584,0.26968,0.292875,0.347733,0.067181
aus,streamed-read,i16,2,5,100,0,8192,0,0.170291,0.012711,0.166379,0.171935,0.237687,0.074646
aus,streamed-read,i16,2,600,100,0,1024,0,34.447984,0.868474,34.244613,35.371411,37.548852,0.025211
aus,streamed-read,i16,2,600,100,0,16384,0,24.414544,0.656963,24.252099,25.174092,26.19656,0.026909
aus,streamed-read,i16,2,600,100,0,4096,0,27.933176,1.353213,27.555048,28.486298,34.684292,0.048445
aus,streamed-read,i16,2,600,100,0,512,0,37.062638,1.251139,36.709831,38.216721,39.892631,0.033757
aus,streamed-read,i16,2,600,100,0,8192,0,25.894775,1.26696,25.39689,27.933434,29.593869,0.048927
aus,streamed-read,i16,2,60,100,0,1024,0,3.114399,0.152292,3.083896,3.294463,3.476529,0.048899
aus,streamed-read,i16,2,60,100,0,16384,0,2.022815,0.167475,1.964548,2.245788,2.475049,0.082793
aus,streamed-read,i16,2,60,100,0,4096,0,2.334405,0.070017,2.3186,2.427549,2.493718,0.029993
aus,streamed-read,i16,2,60,100,0,512,0,3.367315,0.127831,3.319376,3.525258,3.908863,0.037962
aus,streamed-read,i16,2,60,100,0,8192,0,2.122693,0.074999,2.106645,2.188524,2.417876,0.035332
aus,streamed-read,i32,1,10,100,0,1024,0,0.263187,0.009256,0.261381,0.269364,0.295099,0.035167
aus,streamed-read,i32,1,10,100,0,16384,0,0.120269,0.006092,0.118531,0.124344,0.147037,0.050657
aus,streamed-read,i32,1,10,100,0,4096,0,0.178147,0.006634,0.176516,0.183652,0.201484,0.03724
aus,streamed-read,i32,1,10,100,0,512,0,0.304606,0.011473,0.300791,0.312348,0.354822,0.037663
aus,streamed-read,i32,1,10,100,0,8192,0,0.141432,0.002289,0.14095,0.143176,0.149867,0.016181
aus,streamed-read,i32,1,1,100,0,1024,0,0.028593,0.000482,0.028446,0.02913,0.030869,0.016872
aus,streamed-read,i32,1,1,100,0,16384,0,0.015091,0.000796,0.01483,0.015822,0.018116,0.052759
aus,streamed-read,i32,1,1,100,0,4096,0,0.020096,0.000468,0.019962,0.02051,0.021794,0.023305
aus,streamed-read,i32,1,1,100,0,512,0,0.032527,0.000732,0.03227,0.033569,0.035914,0.022505
aus,streamed-read,i32,1,1,100,0,8192,0,0.017563,0.00069,0.017254,0.018408,0.019711,0.039304
aus,streamed-read,i32,1,300,100,0,1024,0,10.198484,0.4065,10.073879,10.498319,12.159695,0.039859
aus,streamed-read,i32,1,300,100,0,16384,0,6.016957,0.136996,5.971451,6.199319,6.397596,0.022768
aus,streamed-read,i32,1,300,100,0,4096,0,7.639246,0.293428,7.518229,8.169351,8.473775,0.038411
aus,streamed-read,i32,1,300,100,0,512,0,11.133959,0.379042,11.004704,11.669185,12.423136,0.034044
aus,streamed-read,i32,1,300,100,0,8192,0,6.56084,0.301333,6.500136,6.80648,7.163564,0.045929
aus,streamed-read,i32,1,30,100,0,1024,0,0.78661,0.015364,0.783815,0.798638,0.824386,0.019532
aus,streamed-read,i32,1,30,100,0,16384,0,0.355901,0.010638,0.35303,0.364202,0.373063,0.029889
aus,streamed-read,i32,1,30,100,0,4096,0,0.53013,0.01898,0.52493,0.553447,0.608567,0.035803
aus,streamed-read,i32,1,30,100,0,512,0,0.895001,0.028545,0.888312,0.910116,1.013604,0.031894
aus,streamed-read,i32,1,30,100,0,8192,0,0.425174,0.006978,0.424407,0.429089,0.45427,0.016411
aus,streamed-read,i32,1,5,100,0,1024,0,0.129281,0.003005,0.128573,0.131524,0.134457,0.023246
aus,streamed-read,i32,1,5,100,0,16384,0,0.061345,0.002148,0.060724,0.06341,0.071274,0.035023
aus,streamed-read,i32,1,5,100,0,4096,0,0.088111,0.003278,0.087015,0.091193,0.102127,0.037207
aus,streamed-read,i32,1,5,100,0,512,0,0.150922,0.008996,0.147626,0.158967,0.189269,0.059605
aus,streamed-read,i32,1,5,100,0,8192,0,0.072578,0.002069,0.071976,0.074007,0.081972,0.028501
aus,streamed-read,i32,1,600,100,0,1024,0,19.773817,0.912684,19.564474,20.488949,23.796137,0.046156
aus,streamed-read,i32,1,600,100,0,16384,0,10.527814,0.406386,10.467419,10.963115,11.962851,0.038601
aus,streamed-read,i32,1,600,100,0,4096,0,14.083619,0.347204,13.976188,14.42806,15.208016,0.024653
aus,streamed-read,i32,1,600,100,0,512,0,22.995695,1.320933,22.531258,24.809644,27.52727,0.057443
aus,streamed-read,i32,1,600,100,0,8192,0,11.333129,0.416301,11.431804,11.758342,12.249944,0.036733
aus,streamed-read,i32,1,60,100,0,1024,0,1.663141,0.095421,1.628025,1.768839,2.010882,0.057374
aus,streamed-read,i32,1,60,100,0,16384,0,0.718868,0.026098,0.710024,0.751735,0.797934,0.036304
aus,streamed-read,i32,1,60,100,0,4096,0,1.047173,0.016613,1.041305,1.068713,1.101543,0.015865
aus,streamed-read,i32,1,60,100,0,512,0,1.876294,0.080674,1.854916,1.974529,2.133315,0.042996
aus,streamed-read,i32,1,60,100,0,8192,0,0.854506,0.04308,0.843292,0.866387,1.082043,0.050415
aus,streamed-read,i32,2,10,100,0,1024,0,0.71839,0.009054,0.717109,0.731636,0.748012,0.012604
aus,streamed-read,i32,2,10,100,0,16384,0,0.428721,0.014086,0.423203,0.445457,0.480457,0.032857
aus,streamed-read,i32,2,10,100,0,4096,0,0.492663,0.008652,0.489754,0.500808,0.522814,0.017563
aus,streamed-read,i32,2,10,100,0,512,0,0.820524,0.021446,0.813852,0.836321,0.92449,0.026137
aus,streamed-read,i32,2,10,100,0,8192,0,0.440959,0.015752,0.436124,0.454174,0.51121,0.035722
aus,streamed-read,i32,2,1,100,0,1024,0,0.073086,0.000999,0.072744,0.074369,0.076358,0.013669
aus,streamed-read,i32,2,1,100,0,16384,0,0.04797,0.00144,0.047758,0.049512,0.050925,0.030009
aus,streamed-read,i32,2,1,100,0,4096,0,0.05073,0.000965,0.050361,0.052114,0.053751,0.019025
aus,streamed-read,i32,2,1,100,0,512,0,0.08271,0.004991,0.080873,0.086775,0.105285,0.060348
aus,streamed-read,i32,2,1,100,0,8192,0,0.046605,0.002367,0.045675,0.0478,0.055665,0.050793
aus,streamed-read,i32,2,300,100,0,1024,0,25.469213,0.940581,25.16158,26.367345,29.56117,0.03693
aus,streamed-read,i32,2,300,100,0,16384,0,15.180004,0.250592,15.091247,15.520679,15.828163,0.016508
aus,streamed-read,i32,2,300,100,0,4096,0,17.966374,0.724554,17.688605,18.897502,20.537101,0.040328
aus,streamed-read,i32,2,300,100,0,512,0,27.863723,0.540283,27.694938,28.488459,29.970412,0.01939
aus,streamed-read,i32,2,300,100,0,8192,0,16.233727,1.089674,15.98083,17.370983,20.40389,0.067124
aus,streamed-read,i32,2,30,100,0,1024,0,2.222017,0.080152,2.201543,2.294787,2.508547,0.036072
aus,streamed-read,i32,2,30,100,0,16384,0,1.35425,0.061749,1.339041,1.452521,1.567211,0.045597
aus,streamed-read,i32,2,30,100,0,4096,0,1.547643,0.092847,1.520581,1.616758,1.888999,0.059992
aus,streamed-read,i32,2,30,100,0,512,0,2.651024,0.141501,2.608426,2.852051,3.008369,0.053376
aus,streamed-read,i32,2,30,100,0,8192,0,1.423751,0.123919,1.37298,1.597595,1.754148,0.087037
aus,streamed-read,i32,2,5,100,0,1024,0,0.365358,0.021657,0.357668,0.384759,0.4732,0.059275
aus,streamed-read,i32,2,5,100,0,16384,0,0.212232,0.007415,0.209456,0.218706,0.236027,0.034938
aus,streamed-read,i32,2,5,100,0,4096,0,0.244214,0.00656,0.242374,0.246859,0.277355,0.026863
aus,streamed-read,i32,2,5,100,0,512,0,0.406314,0.013547,0.402767,0.414373,0.428978,0.033341
aus,streamed-read,i32,2,5,100,0,8192,0,0.21898,0.006598,0.216794,0.226147,0.239924,0.03013
aus,streamed-read,i32,2,600,100,0,1024,0,50.995361,2.175729,50.422114,52.129429,61.796602,0.042665
aus,streamed-read,i32,2,600,100,0,16384,0,29.744058,0.658564,29.57671,30.535737,31.474121,0.022141
aus,streamed-read,i32,2,600,100,0,4096,0,34.537956,1.125336,34.330512,35.576934,37.184826,0.032583
aus,streamed-read,i32,2,600,100,0,512,0,54.6123,1.188763,54.291009,55.756749,59.844522,0.021767
aus,streamed-read,i32,2,600,100,0,8192,0,31.586194,0.980575,31.395781,32.679766,34.695431,0.031044
aus,streamed-read,i32,2,60,100,0,1024,0,4.943013,0.243035,4.91993,5.187839,5.577425,0.049167
aus,streamed-read,i32,2,60,100,0,16384,0,3.37458,0.274852,3.347927,3.632203,4.45271,0.081448
aus,streamed-read,i32,2,60,100,0,4096,0,3.886003,0.211246,3.894458,4.114736,4.416922,0.054361
aus,streamed-read,i32,2,60,100,0,512,0,5.712149,0.149923,5.717493,5.869525,6.111593,0.026246
aus,streamed-read,i32,2,60,100,0,8192,0,3.245216,0.196448,3.191449,3.52997,3.778643,0.060535
hound,streamed-read,f32,1,10,100,0,1024,0,1.676025,0.0924,1.650118,1.733527,2.083217,0.05513
hound,streamed-read,f32,1,10,100,0,16384,0,1.66325,0.060016,1.638533,1.746623,1.863039,0.036084
hound,streamed-read,f32,1,10,100,0,4096,0,1.750132,0.132887,1.696103,2.002234,2.163204,0.07593
hound,streamed-read,f32,1,10,100,0,512,0,1.739812,0.22716,1.690296,1.779777,3.159158,0.130566
hound,streamed-read,f32,1,10,100,0,8192,0,1.685081,0.049352,1.673127,1.757338,1.839623,0.029288
hound,streamed-read,f32,1,1,100,0,1024,0,0.176567,0.016361,0.171791,0.185722,0.253063,0.092665
hound,streamed-read,f32,1,1,100,0,16384,0,0.169848,0.003982,0.169309,0.172669,0.175978,0.023447
hound,streamed-read,f32,1,1,100,0,4096,0,0.16966,0.010358,0.16729,0.179527,0.209031,0.061054
hound,streamed-read,f32,1,1,100,0,512,0,0.172658,0.005757,0.170862,0.179123,0.195163,0.033345
hound,streamed-read,f32,1,1,100,0,8192,0,0.170079,0.009988,0.168051,0.176414,0.211648,0.058723
hound,streamed-read,f32,1,300,100,0,1024,0,53.109692,4.677365,51.211713,59.796143,69.428186,0.08807
hound,streamed-read,f32,1,300,100,0,16384,0,51.764042,2.627395,50.841282,53.935864,59.990852,0.050757
hound,streamed-read,f32,1,300,100,0,4096,0,52.236819,2.105078,51.837277,54.291369,61.305274,0.040299
hound,streamed-read,f32,1,300,100,0,512,0,52.683375,4.740064,50.735537,55.822724,71.182628,0.089973
hound,streamed-read,f32,1,300,100,0,8192,0,52.636633,4.58561,51.268132,55.410344,73.797392,0.087118
hound,streamed-read,f32,1,30,100,0,1024,0,5.202981,0.393122,5.104919,5.520719,6.711464,0.075557
hound,streamed-read,f32,1,30,100,0,16384,0,5.019102,0.228424,4.969398,5.243969,5.810804,0.045511
hound,streamed-read,f32,1,30,100,0,4096,0,5.243132,0.243875,5.165746,5.555972,6.029537,0.046513
hound,streamed-read,f32,1,30,100,0,512,0,5.092797,0.253403,4.991766,5.409949,5.870025,0.049757
hound,streamed-read,f32,1,30,100,0,8192,0,5.164564,0.307141,5.062498,5.519987,6.297541,0.059471
hound,streamed-read,f32,1,5,100,0,1024,0,0.903019,0.157471,0.837364,1.133057,1.455134,0.174383
hound,streamed-read,f32,1,5,100,0,16384,0,0.848405,0.034898,0.835459,0.890593,0.986741,0.041134
hound,streamed-read,f32,1,5,100,0,4096,0,0.862296,0.062084,0.837429,0.90442,1.105151,0.071999
hound,streamed-read,f32,1,5,100,0,512,0,0.865402,0.05369,0.850676,0.928263,1.050785,0.062041
hound,streamed-read,f32,1,5,100,0,8192,0,0.848764,0.066575,0.831806,0.864738,1.240629,0.078437
hound,streamed-read,f32,1,600,100,0,1024,0,104.399149,4.025885,103.405184,107.87279,121.702124,0.038562
hound,streamed-read,f32,1,600,100,0,16384,0,104.200074,3.356283,103.75313,108.849047,113.38125,0.03221
hound,streamed-read,f32,1,600,100,0,4096,0,105.097664,3.94409,104.260029,108.745341,123.55284,0.037528
hound,streamed-read,f32,1,600,100,0,512,0,105.234854,4.220416,103.795909,111.178652,115.199632,0.040105
hound,streamed-read,f32,1,600,100,0,8192,0,106.079619,6.964463,103.597149,114.817212,127.256069,0.065653
hound,streamed-read,f32,1,60,100,0,1024,0,10.439395,0.542928,10.37532,10.873964,11.999609,0.052008
hound,streamed-read,f32,1,60,100,0,16384,0,10.572118,0.708952,10.307819,11.340331,13.461442,0.067059
hound,streamed-read,f32,1,60,100,0,4096,0,10.243724,0.40364,10.102085,10.825017,11.43198,0.039404
hound,streamed-read,f32,1,60,100,0,512,0,10.363864,0.679887,10.201868,10.920716,12.696578,0.065602
hound,streamed-read,f32,1,60,100,0,8192,0,10.491599,1.034088,10.165608,11.09785,14.037816,0.098563
hound,streamed-read,f32,2,10,100,0,1024,0,3.362352,0.183158,3.290769,3.54629,3.957452,0.054473
hound,streamed-read,f32,2,10,100,0,16384,0,3.348821,0.133675,3.302045,3.51998,3.86957,0.039917
hound,streamed-read,f32,2,10,100,0,4096,0,3.319776,0.121423,3.262284,3.461031,3.753068,0.036576
hound,streamed-read,f32,2,10,100,0,512,0,3.385986,0.144448,3.349811,3.548658,3.893525,0.042661
hound,streamed-read,f32,2,10,100,0,8192,0,3.347721,0.173356,3.304149,3.482287,3.687974,0.051783
hound,streamed-read,f32,2,1,100,0,1024,0,0.34418,0.021079,0.334895,0.36507,0.400809,0.061244
hound,streamed-read,f32,2,1,100,0,16384,0,0.328405,0.008991,0.32448,0.341187,0.360971,0.027377
hound,streamed-read,f32,2,1,100,0,4096,0,0.334851,0.012352,0.331817,0.347122,0.371294,0.036887
hound,streamed-read,f32,2,1,100,0,512,0,0.342265,0.014655,0.338633,0.361154,0.386437,0.042818
hound,streamed-read,f32,2,1,100,0,8192,0,0.33218,0.008053,0.330474,0.344554,0.353635,0.024244
hound,streamed-read,f32,2,300,100,0,1024,0,105.335818,4.72705,103.99634,110.37982,127.145405,0.044876
hound,streamed-read,f32,2,300,100,0,16384,0,104.536304,3.258176,103.268869,108.69069,115.443389,0.031168
hound,streamed-read,f32,2,300,100,0,4096,0,106.448076,6.275602,103.947784,113.331626,131.505956,0.058955
hound,streamed-read,f32,2,300,100,0,512,0,108.489991,9.65992,104.37812,122.559683,147.72559,0.08904
hound,streamed-read,f32,2,300,100,0,8192,0,105.743395,4.797679,104.18827,109.547595,124.530044,0.045371
hound,streamed-read,f32,2,30,100,0,1024,0,10.49584,1.001641,10.276541,11.093697,12.214056,0.095432
hound,streamed-read,f32,2,30,100,0,16384,0,10.254519,0.625391,10.14586,10.749374,12.667856,0.060987
hound,streamed-read,f32,2,30,100,0,4096,0,10.725091,1.259304,10.310817,11.720181,16.369284,0.117417
hound,streamed-read,f32,2,30,100,0,512,0,10.343156,0.902813,10.188637,10.90523,12.220012,0.087286
hound,streamed-read,f32,2,30,100,0,8192,0,10.248124,0.375113,10.126471,10.707349,11.694376,0.036603
hound,streamed-read,f32,2,5,100,0,1024,0,1.704624,0.09366,1.669062,1.81681,1.985229,0.054944
hound,streamed-read,f32,2,5,100,0,16384,0,1.695327,0.06652,1.676341,1.760652,1.947434,0.039238
hound,streamed-read,f32,2,5,100,0,4096,0,1.701164,0.084882,1.659758,1.812376,1.924684,0.049896
hound,streamed-read,f32,2,5,100,0,512,0,1.732643,0.245591,1.676028,1.753871,2.94535,0.141743
hound,streamed-read,f32,2,5,100,0,8192,0,1.721237,0.237218,1.659731,1.73997,2.956563,0.137818
hound,streamed-read,f32,2,600,100,0,1024,0,209.21889,9.006873,206.845544,215.300429,248.330139,0.04305
hound,streamed-read,f32,2,600,100,0,16384,0,212.967741,14.437329,208.893305,229.228078,266.557602,0.067791
hound,streamed-read,f32,2,600,100,0,4096,0,210.371153,7.588535,208.187295,218.29924,235.882206,0.036072
hound,streamed-read,f32,2,600,100,0,512,0,207.293928,4.388451,206.335004,212.500447,220.753438,0.02117
hound,streamed-read,f32,2,600,100,0,8192,0,214.613271,16.765603,207.81112,241.329691,273.454513,0.07812
hound,streamed-read,f32,2,60,100,0,1024,0,20.505666,0.809438,20.161579,21.286328,23.431461,0.039474
hound,streamed-read,f32,2,60,100,0,16384,0,20.7138,0.557285,20.549527,21.407932,22.629201,0.026904
hound,streamed-read,f32,2,60,100,0,4096,0,20.929376,0.861531,20.592307,22.215929,23.254248,0.041164
hound,streamed-read,f32,2,60,100,0,512,0,21.598724,1.872087,20.705935,24.272817,28.363203,0.086676
hound,streamed-read,f32,2,60,100,0,8192,0,20.923102,0.604119,20.659337,21.71893,23.538799,0.028873
hound,streamed-read,i16,1,10,100,0,1024,0,4.17399,0.116605,4.146689,4.223642,4.758019,0.027936
hound,streamed-read,i16,1,10,100,0,16384,0,4.167298,0.090762,4.142457,4.203473,4.577501,0.02178
hound,streamed-read,i16,1,10,100,0,4096,0,4.182826,0.074017,4.159397,4.282157,4.469855,0.017695
hound,streamed-read,i16,1,10,100,0,512,0,4.154214,0.049856,4.142074,4.18666,4.366592,0.012001
hound,streamed-read,i16,1,10,100,0,8192,0,4.150126,0.059297,4.132426,4.18459,4.412394,0.014288
hound,streamed-read,i16,1,1,100,0,1024,0,0.419517,0.010457,0.417222,0.422653,0.481544,0.024927
hound,streamed-read,i16,1,1,100,0,16384,0,0.416716,0.004977,0.415357,0.419594,0.43372,0.011943
hound,streamed-read,i16,1,1,100,0,4096,0,0.421033,0.011078,0.417408,0.429158,0.463963,0.026311
hound,streamed-read,i16,1,1,100,0,512,0,0.422748,0.007906,0.420423,0.430237,0.452008,0.018702
hound,streamed-read,i16,1,1,100,0,8192,0,0.420078,0.007983,0.417834,0.425239,0.438458,0.019004
hound,streamed-read,i16,1,300,100,0,1024,0,126.484199,1.441259,126.015192,128.227194,130.69611,0.011395
hound,streamed-read,i16,1,300,100,0,16384,0,126.762401,3.067684,125.957543,127.923733,140.942473,0.0242
hound,streamed-read,i16,1,300,100,0,4096,0,126.090582,1.21022,125.829553,127.534911,128.73418,0.009598
hound,streamed-read,i16,1,300,100,0,512,0,126.539298,1.612147,126.183133,128.211652,132.452911,0.01274
hound,streamed-read,i16,1,300,100,0,8192,0,126.296723,1.259916,125.907343,127.312867,130.390135,0.009976
hound,streamed-read,i16,1,30,100,0,1024,0,12.531178,0.14692,12.509717,12.627397,12.755949,0.011724
hound,streamed-read,i16,1,30,100,0,16384,0,12.737987,0.292113,12.642841,13.133903,13.639127,0.022932
hound,streamed-read,i16,1,30,100,0,4096,0,12.618433,0.277663,12.549854,12.741247,13.891664,0.022005
hound,streamed-read,i16,1,30,100,0,512,0,12.531013,0.175162,12.506018,12.672825,13.200344,0.013978
hound,streamed-read,i16,1,30,100,0,8192,0,12.659298,0.284714,12.59538,12.774904,13.947231,0.02249
hound,streamed-read,i16,1,5,100,0,1024,0,2.113583,0.044906,2.100217,2.144351,2.287211,0.021246
hound,streamed-read,i16,1,5,100,0,16384,0,2.114617,0.057369,2.094723,2.193835,2.331115,0.02713
hound,streamed-read,i16,1,5,100,0,4096,0,2.092156,0.042273,2.0823,2.117958,2.276762,0.020206
hound,streamed-read,i16,1,5,100,0,512,0,2.094009,0.062224,2.074805,2.130665,2.251882,0.029715
hound,streamed-read,i16,1,5,100,0,8192,0,2.087537,0.022554,2.081411,2.110739,2.176871,0.010804
hound,streamed-read,i16,1,600,100,0,1024,0,252.965966,4.887417,251.396476,257.844817,274.264824,0.01932
hound,streamed-read,i16,1,600,100,0,16384,0,252.012976,2.095064,251.375346,254.426392,259.442196,0.008313
hound,streamed-read,i16,1,600,100,0,4096,0,252.509697,4.511323,250.840956,260.125558,268.198326,0.017866
hound,streamed-read,i16,1,600,100,0,512,0,252.102038,4.258124,250.43516,257.268656,267.371038,0.01689
hound,streamed-read,i16,1,600,100,0,8192,0,253.555288,4.442428,252.09686,258.980882,271.244714,0.017521
hound,streamed-read,i16,1,60,100,0,1024,0,25.233597,0.504335,25.068674,25.586984,27.441337,0.019987
hound,streamed-read,i16,1,60,100,0,16384,0,25.237118,0.208897,25.247657,25.484894,25.966116,0.008277
hound,streamed-read,i16,1,60,100,0,4096,0,25.688242,1.218772,25.23061,27.357509,30.626944,0.047445
hound,streamed-read,i16,1,60,100,0,512,0,25.316413,0.527274,25.214242,25.503847,27.708934,0.020827
hound,streamed-read,i16,1,60,100,0,8192,0,25.316342,0.439496,25.133949,25.792054,26.567704,0.01736
hound,streamed-read,i16,2,10,100,0,1024,0,8.350709,0.127521,8.315594,8.463108,8.989406,0.015271
hound,streamed-read,i16,2,10,100,0,16384,0,8.275422,0.063071,8.25779,8.347974,8.429851,0.007621
hound,streamed-read,i16,2,10,100,0,4096,0,8.442171,0.279499,8.320878,8.856769,9.376821,0.033108
hound,streamed-read,i16,2,10,100,0,512,0,8.287747,0.055452,8.273067,8.345944,8.466927,0.006691
hound,streamed-read,i16,2,10,100,0,8192,0,8.447144,0.217816,8.372182,8.695516,9.210416,0.025786
hound,streamed-read,i16,2,1,100,0,1024,0,0.833105,0.015014,0.829216,0.840962,0.885519,0.018021
hound,streamed-read,i16,2,1,100,0,16384,0,0.831703,0.019933,0.826636,0.835539,0.956719,0.023967
hound,streamed-read,i16,2,1,100,0,4096,0,0.836465,0.019574,0.831298,0.849087,0.901147,0.023401
hound,streamed-read,i16,2,1,100,0,512,0,0.833383,0.005602,0.832063,0.839029,0.848794,0.006722
hound,streamed-read,i16,2,1,100,0,8192,0,0.832636,0.010458,0.830343,0.841351,0.869381,0.01256
hound,streamed-read,i16,2,300,100,0,1024,0,252.098333,4.121428,250.933495,253.856237,271.807017,0.016348
hound,streamed-read,i16,2,300,100,0,16384,0,250.362408,1.675721,249.907811,252.662801,254.803736,0.006693
hound,streamed-read,i16,2,300,100,0,4096,0,252.138977,3.44672,251.224795,254.919171,265.716314,0.01367
hound,streamed-read,i16,2,300,100,0,512,0,252.297807,3.859826,251.052791,256.536869,264.786241,0.015299
hound,streamed-read,i16,2,300,100,0,8192,0,251.318099,2.475244,250.58998,253.40846,260.865375,0.009849
hound,streamed-read,i16,2,30,100,0,1024,0,25.097877,0.199527,25.04306,25.360586,25.633104,0.00795
hound,streamed-read,i16,2,30,100,0,16384,0,25.317489,0.797131,25.025182,25.945753,28.072722,0.031485
hound,streamed-read,i16,2,30,100,0,4096,0,24.982888,0.206541,24.92527,25.194465,25.825633,0.008267
hound,streamed-read,i16,2,30,100,0,512,0,25.360748,0.99424,25.031695,26.159117,29.404503,0.039204
hound,streamed-read,i16,2,30,100,0,8192,0,25.073925,0.576528,24.880996,25.646463,27.292042,0.022993
hound,streamed-read,i16,2,5,100,0,1024,0,4.170394,0.055932,4.156143,4.212205,4.316746,0.013412
hound,streamed-read,i16,2,5,100,0,16384,0,4.136845,0.037558,4.126174,4.165417,4.279636,0.009079
hound,streamed-read,i16,2,5,100,0,4096,0,4.178306,0.102166,4.141705,4.284489,4.63341,0.024452
hound,streamed-read,i16,2,5,100,0,512,0,4.181134,0.115855,4.14913,4.261794,4.627212,0.027709
hound,streamed-read,i16,2,5,100,0,8192,0,4.155458,0.035999,4.146508,4.201624,4.293552,0.008663
hound,streamed-read,i16,2,600,100,0,1024,0,506.156466,4.145449,505.696416,510.883568,517.932612,0.00819
hound,streamed-read,i16,2,600,100,0,16384,0,505.921769,6.177499,504.062066,513.405205,529.180431,0.01221
hound,streamed-read,i16,2,600,100,0,4096,0,505.245691,5.741852,503.361307,512.869724,524.381516,0.011364
hound,streamed-read,i16,2,600,100,0,512,0,506.487327,7.245449,504.475221,511.706406,540.318818,0.014305
hound,streamed-read,i16,2,600,100,0,8192,0,504.532916,5.558253,503.107686,511.466156,525.942162,0.011017
hound,streamed-read,i16,2,60,100,0,1024,0,51.152535,1.438214,50.675085,52.957362,55.560244,0.028116
hound,streamed-read,i16,2,60,100,0,16384,0,50.340126,0.630088,50.139534,50.896282,53.432324,0.012517
hound,streamed-read,i16,2,60,100,0,4096,0,50.799749,0.815392,50.506275,52.043985,53.478072,0.016051
hound,streamed-read,i16,2,60,100,0,512,0,50.648198,0.773966,50.31017,51.696305,53.060466,0.015281
hound,streamed-read,i16,2,60,100,0,8192,0,50.54867,0.998995,50.242221,51.485315,54.207743,0.019763
hound,streamed-read,i32,1,10,100,0,1024,0,2.413483,0.097753,2.387006,2.505661,2.761597,0.040503
hound,streamed-read,i32,1,10,100,0,16384,0,2.476372,0.104528,2.472357,2.627474,2.744068,0.04221
hound,streamed-read,i32,1,10,100,0,4096,0,2.612933,0.376327,2.503016,2.907649,4.047114,0.144025
hound,streamed-read,i32,1,10,100,0,512,0,2.524916,0.215025,2.487623,2.601405,3.315526,0.085161
hound,streamed-read,i32,1,10,100,0,8192,0,2.535791,0.204557,2.487989,2.728565,3.45992,0.080668
hound,streamed-read,i32,1,1,100,0,1024,0,0.255815,0.017743,0.250711,0.278733,0.314766,0.069358
hound,streamed-read,i32,1,1,100,0,16384,0,0.251693,0.023211,0.249082,0.272859,0.356855,0.092219
hound,streamed-read,i32,1,1,100,0,4096,0,0.276538,0.042772,0.256096,0.322798,0.40847,0.154671
hound,streamed-read,i32,1,1,100,0,512,0,0.249147,0.006664,0.24895,0.256682,0.26627,0.026748
hound,streamed-read,i32,1,1,100,0,8192,0,0.251923,0.0141,0.249404,0.263499,0.305649,0.05597
hound,streamed-read,i32,1,300,100,0,1024,0,75.238967,2.005657,74.730305,77.650227,82.240672,0.026657
hound,streamed-read,i32,1,300,100,0,16384,0,76.807168,7.305679,74.107409,85.988743,104.516203,0.095117
hound,streamed-read,i32,1,300,100,0,4096,0,75.499667,4.064563,74.667805,78.261404,88.210045,0.053836
hound,streamed-read,i32,1,300,100,0,512,0,75.774643,4.750473,74.85362,79.754865,93.635666,0.062692
hound,streamed-read,i32,1,300,100,0,8192,0,74.980179,5.246602,73.073634,82.179473,90.785264,0.069973
hound,streamed-read,i32,1,30,100,0,1024,0,7.526859,0.252233,7.420285,7.855359,8.311439,0.033511
hound,streamed-read,i32,1,30,100,0,16384,0,7.531162,0.55465,7.437516,7.853085,9.544806,0.073647
hound,streamed-read,i32,1,30,100,0,4096,0,7.557692,0.225661,7.490182,7.771767,8.404331,0.029859
hound,streamed-read,i32,1,30,100,0,512,0,7.545462,0.300481,7.498933,7.841264,8.503322,0.039823
hound,streamed-read,i32,1,30,100,0,8192,0,7.476935,0.325524,7.434552,7.826936,8.445383,0.043537
hound,streamed-read,i32,1,5,100,0,1024,0,1.236134,0.075699,1.233573,1.273488,1.428649,0.061239
hound,streamed-read,i32,1,5,100,0,16384,0,1.264327,0.078659,1.239243,1.307303,1.559441,0.062214
hound,streamed-read,i32,1,5,100,0,4096,0,1.260092,0.046773,1.245943,1.313886,1.439967,0.037119
hound,streamed-read,i32,1,5,100,0,512,0,1.273492,0.1193,1.244343,1.321384,1.820183,0.093679
hound,streamed-read,i32,1,5,100,0,8192,0,1.253122,0.120305,1.229551,1.319826,1.737914,0.096004
hound,streamed-read,i32,1,600,100,0,1024,0,147.172448,6.192407,147.413714,153.185785,164.942042,0.042076
hound,streamed-read,i32,1,600,100,0,16384,0,147.058786,8.209772,144.646893,157.141789,173.486896,0.055826
hound,streamed-read,i32,1,600,100,0,4096,0,148.928072,6.659903,147.552489,154.325736,179.718748,0.044719
hound,streamed-read,i32,1,600,100,0,512,0,148.188482,8.695777,145.785404,158.867272,173.682896,0.058681
hound,streamed-read,i32,1,600,100,0,8192,0,151.191485,7.879615,149.311654,159.939458,182.956122,0.052117
hound,streamed-read,i32,1,60,100,0,1024,0,14.926875,0.50356,14.886489,15.300764,16.501478,0.033735
hound,streamed-read,i32,1,60,100,0,16384,0,14.742289,0.481232,14.725961,15.361306,16.341063,0.032643
hound,streamed-read,i32,1,60,100,0,4096,0,15.068116,0.453681,14.861191,15.672206,16.379219,0.030109
hound,streamed-read,i32,1,60,100,0,512,0,15.24023,0.977495,14.961988,16.392749,18.299446,0.064139
hound,streamed-read,i32,1,60,100,0,8192,0,14.964642,0.363828,14.802804,15.508788,16.158587,0.024313
hound,streamed-read,i32,2,10,100,0,1024,0,4.98602,0.385658,4.873388,5.317607,6.305969,0.077348
hound,streamed-read,i32,2,10,100,0,16384,0,4.977242,0.144865,4.950838,5.179379,5.402389,0.029105
hound,streamed-read,i32,2,10,100,0,4096,0,4.838946,0.206632,4.77878,5.075266,5.49337,0.042702
hound,streamed-read,i32,2,10,100,0,512,0,5.043849,0.172269,4.999806,5.270307,5.503885,0.034154
hound,streamed-read,i32,2,10,100,0,8192,0,4.839197,0.210823,4.750441,5.150874,5.409513,0.043566
hound,streamed-read,i32,2,1,100,0,1024,0,0.491842,0.023949,0.493165,0.520726,0.576259,0.048692
hound,streamed-read,i32,2,1,100,0,16384,0,0.479748,0.011804,0.474859,0.49316,0.519745,0.024604
hound,streamed-read,i32,2,1,100,0,4096,0,0.500346,0.029339,0.495832,0.526152,0.631905,0.058638
hound,streamed-read,i32,2,1,100,0,512,0,0.505151,0.033553,0.498587,0.534257,0.640263,0.066421
hound,streamed-read,i32,2,1,100,0,8192,0,0.474362,0.021323,0.466681,0.485474,0.594295,0.04495
hound,streamed-read,i32,2,300,100,0,1024,0,146.171178,5.285702,145.066182,151.136713,172.621551,0.036161
hound,streamed-read,i32,2,300,100,0,16384,0,146.19027,3.675016,146.387487,150.831573,154.889317,0.025139
hound,streamed-read,i32,2,300,100,0,4096,0,148.361384,4.708347,147.656106,152.64979,160.901385,0.031736
hound,streamed-read,i32,2,300,100,0,512,0,145.577225,6.303505,145.019841,151.283953,170.123508,0.0433
hound,streamed-read,i32,2,300,100,0,8192,0,148.321291,8.899906,145.371867,154.463001,184.715875,0.060004
hound,streamed-read,i32,2,30,100,0,1024,0,14.941058,0.544458,14.858387,15.62676,16.824734,0.03644
hound,streamed-read,i32,2,30,100,0,16384,0,15.228242,0.763652,15.130575,16.127445,17.268625,0.050147
hound,streamed-read,i32,2,30,100,0,4096,0,14.947421,0.714604,14.82221,15.687234,17.379409,0.047808
hound,streamed-read,i32,2,30,100,0,512,0,15.240002,0.988338,15.066631,15.74858,16.339751,0.064852
hound,streamed-read,i32,2,30,100,0,8192,0,15.459383,1.259155,15.158427,16.517555,19.890982,0.081449
hound,streamed-read,i32,2,5,100,0,1024,0,2.504788,0.079358,2.484485,2.610171,2.746667,0.031682
hound,streamed-read,i32,2,5,100,0,16384,0,2.451765,0.085356,2.424961,2.567677,2.715786,0.034814
hound,streamed-read,i32,2,5,100,0,4096,0,2.512519,0.165669,2.460922,2.688761,3.045149,0.065937
hound,streamed-read,i32,2,5,100,0,512,0,2.569841,0.181507,2.5298,2.795251,3.272029,0.07063
hound,streamed-read,i32,2,5,100,0,8192,0,2.557127,0.207108,2.4947,2.790852,3.2367,0.080992
hound,streamed-read,i32,2,600,100,0,1024,0,290.823034,11.894286,289.692438,303.908385,323.396452,0.040899
hound,streamed-read,i32,2,600,100,0,16384,0,295.281033,16.781695,291.386278,316.955075,348.648205,0.056833
hound,streamed-read,i32,2,600,100,0,4096,0,293.843532,9.482666,291.842054,301.787124,327.108467,0.032271
hound,streamed-read,i32,2,600,100,0,512,0,288.844007,8.354091,288.589108,297.936639,308.999171,0.028922
hound,streamed-read,i32,2,600,100,0,8192,0,295.421177,7.057156,294.696931,302.609623,317.032491,0.023888
hound,streamed-read,i32,2,60,100,0,1024,0,30.758515,1.831863,30.120832,31.826,40.9016,0.059556
hound,streamed-read,i32,2,60,100,0,16384,0,29.67531,0.931105,29.65041,30.920319,31.836078,0.031376
hound,streamed-read,i32,2,60,100,0,4096,0,29.993835,1.325677,29.871899,31.030613,35.570239,0.044198
hound,streamed-read,i32,2,60,100,0,512,0,31.379396,2.405438,30.369795,34.247588,39.752168,0.076657
hound,streamed-read,i32,2,60,100,0,8192,0,30.20135,1.175954,29.934585,31.361288,33.855,0.038937
aus,streamed-write,f32,1,10,100,0,1024,0,1.940316,0.08425,1.939365,2.006436,2.140435,0.043421
aus,streamed-write,f32,1,10,100,0,16384,0,1.313072,0.071271,1.311608,1.371031,1.459969,0.054278
aus,streamed-write,f32,1,10,100,0,4096,0,1.505737,0.097299,1.513178,1.590918,1.709649,0.064619
aus,streamed-write,f32,1,10,100,0,512,0,2.588801,0.141721,2.565622,2.786561,3.001426,0.054744
aus,streamed-write,f32,1,10,100,0,8192,0,1.374322,0.100269,1.366869,1.443502,1.60115,0.072959
aus,streamed-write,f32,1,1,100,0,1024,0,0.346019,0.017871,0.341305,0.360705,0.414788,0.051648
aus,streamed-write,f32,1,1,100,0,16384,0,0.30938,0.01369,0.30778,0.325967,0.34532,0.04425
aus,streamed-write,f32,1,1,100,0,4096,0,0.303294,0.01765,0.302358,0.325403,0.341365,0.058195
aus,streamed-write,f32,1,1,100,0,512,0,0.410042,0.020737,0.405517,0.438871,0.48478,0.050574
aus,streamed-write,f32,1,1,100,0,8192,0,0.311887,0.019659,0.30681,0.340136,0.356528,0.063032
aus,streamed-write,f32,1,300,100,0,1024,0,46.240246,1.262678,45.900644,47.710099,50.212403,0.027307
aus,streamed-write,f32,1,300,100,0,16384,0,32.620502,1.339697,32.538556,34.358131,36.475868,0.041069
aus,streamed-write,f32,1,300,100,0,4096,0,34.287066,1.515699,34.051889,36.578482,38.520714,0.044206
aus,streamed-write,f32,1,300,100,0,512,0,62.550253,2.493542,61.983172,64.813762,67.939488,0.039865
aus,streamed-write,f32,1,300,100,0,8192,0,33.119054,1.483001,33.127769,34.93239,36.45229,0.044778
aus,streamed-write,f32,1,30,100,0,1024,0,5.11235,0.270117,5.043191,5.409162,6.157843,0.052836
aus,streamed-write,f32,1,30,100,0,16384,0,3.447156,0.112746,3.451297,3.60849,3.699898,0.032707
aus,streamed-write,f32,1,30,100,0,4096,0,3.736924,0.142775,3.725451,3.917302,4.140237,0.038207
aus,streamed-write,f32,1,30,100,0,512,0,6.611554,0.170495,6.559099,6.881413,7.029327,0.025787
aus,streamed-write,f32,1,30,100,0,8192,0,3.636363,0.162536,3.61188,3.832495,4.111662,0.044697
aus,streamed-write,f32,1,5,100,0,1024,0,1.027231,0.09422,1.01156,1.119219,1.313728,0.091722
aus,streamed-write,f32,1,5,100,0,16384,0,0.761302,0.03354,0.755049,0.80516,0.831581,0.044056
aus,streamed-write,f32,1,5,100,0,4096,0,0.760542,0.029379,0.759303,0.795636,0.827068,0.038629
aus,streamed-write,f32,1,5,100,0,512,0,1.381362,0.084587,1.36022,1.471195,1.676573,0.061235
aus,streamed-write,f32,1,5,100,0,8192,0,0.753835,0.034266,0.750537,0.790389,0.832257,0.045455
aus,streamed-write,f32,1,600,100,0,1024,0,95.57891,4.9399,95.173148,101.358104,111.732093,0.051684
aus,streamed-write,f32,1,600,100,0,16384,0,60.724925,4.166824,61.137082,65.348937,70.124538,0.068618
aus,streamed-write,f32,1,600,100,0,4096,0,72.15661,4.07229,72.188658,77.559066,80.893409,0.056437
aus,streamed-write,f32,1,600,100,0,512,0,125.944319,4.903389,125.583724,131.153134,140.041411,0.038933
aus,streamed-write,f32,1,600,100,0,8192,0,64.945237,3.352399,64.763558,69.083146,72.644259,0.051619
aus,streamed-write,f32,1,60,100,0,1024,0,10.361913,0.301409,10.347041,10.738166,11.148025,0.029088
aus,streamed-write,f32,1,60,100,0,16384,0,7.104785,0.45138,7.035132,7.736894,8.263178,0.063532
aus,streamed-write,f32,1,60,100,0,4096,0,7.606534,0.303899,7.568284,7.964201,8.47246,0.039952
aus,streamed-write,f32,1,60,100,0,512,0,13.525779,0.561504,13.42603,14.029969,15.802881,0.041514
aus,streamed-write,f32,1,60,100,0,8192,0,7.127057,0.4023,7.142139,7.54575,8.013935,0.056447
aus,streamed-write,i16,1,10,100,0,1024,0,1.324406,0.05085,1.324712,1.374526,1.428352,0.038395
aus,streamed-write,i16,1,10,100,0,16384,0,0.806021,0.035925,0.798489,0.847085,0.91093,0.044571
aus,streamed-write,i16,1,10,100,0,4096,0,0.917612,0.030751,0.914251,0.951701,0.997617,0.033512
aus,streamed-write,i16,1,10,100,0,512,0,1.916009,0.131528,1.872842,2.089688,2.378729,0.068647
aus,streamed-write,i16,1,10,100,0,8192,0,0.830167,0.024038,0.829008,0.858043,0.900506,0.028956
aus,streamed-write,i16,1,1,100,0,1024,0,0.390721,0.033193,0.385548,0.420998,0.481503,0.084954
aus,streamed-write,i16,1,1,100,0,16384,0,0.34218,0.059011,0.330489,0.456762,0.489923,0.172455
aus,streamed-write,i16,1,1,100,0,4096,0,0.247927,0.012177,0.245766,0.262193,0.291495,0.049117
aus,streamed-write,i16,1,1,100,0,512,0,0.429492,0.049053,0.41789,0.496669,0.551806,0.114212
aus,streamed-write,i16,1,1,100,0,8192,0,0.252014,0.016262,0.249814,0.268435,0.294433,0.064528
aus,streamed-write,i16,1,300,100,0,1024,0,32.555788,0.963619,32.35779,33.778089,35.541543,0.029599
aus,streamed-write,i16,1,300,100,0,16384,0,17.106056,0.447561,17.113944,17.625009,18.162867,0.026164
aus,streamed-write,i16,1,300,100,0,4096,0,19.993007,0.686308,19.856505,20.955047,21.714565,0.034327
aus,streamed-write,i16,1,300,100,0,512,0,49.432045,1.510188,49.016759,51.352216,54.219471,0.030551
aus,streamed-write,i16,1,300,100,0,8192,0,18.259046,0.655005,18.189996,18.914521,20.733732,0.035873
aus,streamed-write,i16,1,30,100,0,1024,0,3.655888,0.146645,3.628917,3.798831,4.354297,0.040112
aus,streamed-write,i16,1,30,100,0,16384,0,2.137064,0.073168,2.127632,2.231207,2.32352,0.034238
aus,streamed-write,i16,1,30,100,0,4096,0,2.432178,0.078594,2.414808,2.556669,2.64096,0.032314
aus,streamed-write,i16,1,30,100,0,512,0,5.725687,0.695724,5.549286,6.361935,7.998331,0.121509
aus,streamed-write,i16,1,30,100,0,8192,0,2.242764,0.127172,2.20559,2.408989,2.747389,0.056703
aus,streamed-write,i16,1,5,100,0,1024,0,0.90141,0.062186,0.888511,0.982807,1.062401,0.068988
aus,streamed-write,i16,1,5,100,0,16384,0,0.564586,0.034516,0.557352,0.606598,0.664858,0.061136
aus,streamed-write,i16,1,5,100,0,4096,0,0.567143,0.039407,0.560803,0.616621,0.694034,0.069483
aus,streamed-write,i16,1,5,100,0,512,0,1.20533,0.12453,1.165751,1.370325,1.506334,0.103316
aus,streamed-write,i16,1,5,100,0,8192,0,0.521911,0.026307,0.519066,0.544885,0.591829,0.050406
aus,streamed-write,i16,1,600,100,0,1024,0,64.498835,3.121482,64.113005,66.682486,75.207784,0.048396
aus,streamed-write,i16,1,600,100,0,16384,0,32.620113,1.2379,32.421973,34.102942,36.303888,0.037949
aus,streamed-write,i16,1,600,100,0,4096,0,39.314731,1.581388,39.010086,40.816692,45.17842,0.040224
aus,streamed-write,i16,1,600,100,0,512,0,96.4106,2.702812,95.873302,99.31288,104.712559,0.028034
aus,streamed-write,i16,1,600,100,0,8192,0,35.639386,1.095071,35.452823,37.235008,38.195621,0.030726
aus,streamed-write,i16,1,60,100,0,1024,0,6.836892,0.184724,6.816804,7.045993,7.444261,0.027019
aus,streamed-write,i16,1,60,100,0,16384,0,3.935483,0.16495,3.88823,4.193093,4.318585,0.041914
aus,streamed-write,i16,1,60,100,0,4096,0,4.368076,0.10328,4.355591,4.493178,4.649806,0.023644
aus,streamed-write,i16,1,60,100,0,512,0,10.450132,0.523077,10.307329,11.092421,12.134949,0.050055
aus,streamed-write,i16,1,60,100,0,8192,0,4.202369,0.188613,4.163815,4.468876,4.558682,0.044883
aus,streamed-write,i32,1,10,100,0,1024,0,2.04548,0.165464,1.99083,2.302657,2.429751,0.080892
aus,streamed-write,i32,1,10,100,0,16384,0,1.481544,0.064586,1.479663,1.549947,1.657824,0.043593
aus,streamed-write,i32,1,10,100,0,4096,0,1.55097,0.099077,1.555619,1.6467,1.745839,0.06388
aus,streamed-write,i32,1,10,100,0,512,0,2.578531,0.10875,2.554961,2.740156,2.942256,0.042175
aus,streamed-write,i32,1,10,100,0,8192,0,1.506372,0.059456,1.507471,1.546344,1.689316,0.03947
aus,streamed-write,i32,1,1,100,0,1024,0,0.357064,0.019954,0.35807,0.382584,0.396618,0.055883
aus,streamed-write,i32,1,1,100,0,16384,0,0.301959,0.017893,0.299782,0.323812,0.351836,0.059257
aus,streamed-write,i32,1,1,100,0,4096,0,0.311035,0.015482,0.310499,0.326904,0.3534,0.049776
aus,streamed-write,i32,1,1,100,0,512,0,0.416515,0.015472,0.41451,0.434957,0.455569,0.037146
aus,streamed-write,i32,1,1,100,0,8192,0,0.294332,0.011089,0.294941,0.30752,0.321513,0.037674
aus,streamed-write,i32,1,300,100,0,1024,0,48.082947,1.926659,47.650461,50.88661,54.603547,0.040069
aus,streamed-write,i32,1,300,100,0,16384,0,32.518316,1.289316,32.18943,34.389113,36.016283,0.039649
aus,streamed-write,i32,1,300,100,0,4096,0,35.448981,1.440425,35.109578,37.291397,40.189687,0.040634
aus,streamed-write,i32,1,300,100,0,512,0,65.514386,1.744067,65.064711,67.8963,70.349705,0.026621
aus,streamed-write,i32,1,300,100,0,8192,0,32.723181,1.664276,32.351025,34.48383,36.550655,0.050859
aus,streamed-write,i32,1,30,100,0,1024,0,5.315153,0.257996,5.249365,5.625648,6.214499,0.04854
aus,streamed-write,i32,1,30,100,0,16384,0,3.701831,0.178114,3.662227,3.948765,4.207394,0.048115
aus,streamed-write,i32,1,30,100,0,4096,0,4.012145,0.104188,4.003375,4.128953,4.230357,0.025968
aus,streamed-write,i32,1,30,100,0,512,0,7.152732,0.366992,7.041371,7.718431,8.201039,0.051308
aus,streamed-write,i32,1,30,100,0,8192,0,3.771223,0.096424,3.764476,3.891893,4.025625,0.025568
aus,streamed-write,i32,1,5,100,0,1024,0,1.047044,0.044838,1.042184,1.084659,1.142096,0.042823
aus,streamed-write,i32,1,5,100,0,16384,0,0.787446,0.037145,0.777602,0.836678,0.907063,0.047172
aus,streamed-write,i32,1,5,100,0,4096,0,0.849413,0.045329,0.846639,0.874202,1.010451,0.053365
aus,streamed-write,i32,1,5,100,0,512,0,1.335526,0.056481,1.333546,1.385255,1.454453,0.042292
aus,streamed-write,i32,1,5,100,0,8192,0,0.801296,0.036281,0.801304,0.830529,0.900761,0.045278
aus,streamed-write,i32,1,600,100,0,1024,0,95.93068,4.52374,95.149793,100.305596,112.062849,0.047156
aus,streamed-write,i32,1,600,100,0,16384,0,64.547604,3.321598,64.850952,67.668381,74.573403,0.05146
aus,streamed-write,i32,1,600,100,0,4096,0,70.441128,3.397425,70.509666,73.976247,79.388199,0.048231
aus,streamed-write,i32,1,600,100,0,512,0,129.726811,5.659573,128.440846,135.484097,151.575936,0.043627
aus,streamed-write,i32,1,600,100,0,8192,0,67.467222,3.107363,67.163733,71.764731,73.768684,0.046057
aus,streamed-write,i32,1,60,100,0,1024,0,10.285723,0.40512,10.172081,10.760118,11.579306,0.039387
aus,streamed-write,i32,1,60,100,0,16384,0,7.237994,0.39381,7.179461,7.742182,8.225851,0.054409
aus,streamed-write,i32,1,60,100,0,4096,0,7.705682,0.248681,7.661594,7.956253,8.649824,0.032272
aus,streamed-write,i32,1,60,100,0,512,0,13.823798,0.803689,13.593663,14.994941,16.963458,0.058138
aus,streamed-write,i32,1,60,100,0,8192,0,7.45419,0.265901,7.395233,7.765786,8.261372,0.035671
hound,streamed-write,f32,1,10,100,0,1024,0,2.494397,0.08547,2.47988,2.591381,2.764803,0.034265
hound,streamed-write,f32,1,10,100,0,16384,0,2.374007,0.105057,2.364368,2.490132,2.732703,0.044253
hound,streamed-write,f32,1,10,100,0,4096,0,2.456657,0.084032,2.443741,2.531621,2.817262,0.034206
hound,streamed-write,f32,1,10,100,0,512,0,2.447072,0.15623,2.423094,2.58526,2.982568,0.063844
hound,streamed-write,f32,1,10,100,0,8192,0,2.427079,0.115426,2.410827,2.517636,2.899804,0.047557
hound,streamed-write,f32,1,1,100,0,1024,0,0.384363,0.014789,0.384214,0.400546,0.416201,0.038476
hound,streamed-write,f32,1,1,100,0,16384,0,0.401193,0.015393,0.401358,0.419714,0.435135,0.038367
hound,streamed-write,f32,1,1,100,0,4096,0,0.381684,0.015094,0.377466,0.395279,0.433583,0.039547
hound,streamed-write,f32,1,1,100,0,512,0,0.393704,0.02467,0.388654,0.425656,0.451084,0.062663
hound,streamed-write,f32,1,1,100,0,8192,0,0.395902,0.016683,0.393508,0.41444,0.447994,0.042139
hound,streamed-write,f32,1,300,100,0,1024,0,67.796474,2.624434,67.763192,71.163739,72.62186,0.03871
hound,streamed-write,f32,1,300,100,0,16384,0,65.901096,3.219331,65.908142,69.021211,73.246263,0.048851
hound,streamed-write,f32,1,300,100,0,4096,0,65.98819,3.75051,65.812932,69.96587,74.803199,0.056836
hound,streamed-write,f32,1,300,100,0,512,0,65.629014,3.97621,65.082292,69.605506,78.040516,0.060586
hound,streamed-write,f32,1,300,100,0,8192,0,65.845517,3.408008,65.789883,69.274008,74.901889,0.051758
hound,streamed-write,f32,1,30,100,0,1024,0,6.389281,0.161312,6.383455,6.555368,6.785025,0.025247
hound,streamed-write,f32,1,30,100,0,16384,0,6.722557,0.534737,6.517863,7.455042,8.302832,0.079544
hound,streamed-write,f32,1,30,100,0,4096,0,6.532777,0.214505,6.503418,6.746242,7.214968,0.032835
hound,streamed-write,f32,1,30,100,0,512,0,6.714433,0.28925,6.679145,7.129569,7.507548,0.043079
hound,streamed-write,f32,1,30,100,0,8192,0,6.779407,0.371692,6.780751,7.160555,8.030647,0.054827
hound,streamed-write,f32,1,5,100,0,1024,0,1.327407,0.069238,1.325664,1.376201,1.5326,0.052161
hound,streamed-write,f32,1,5,100,0,16384,0,1.316506,0.10075,1.295181,1.457487,1.598709,0.076528
hound,streamed-write,f32,1,5,100,0,4096,0,1.271325,0.054157,1.272302,1.30493,1.401241,0.042599
hound,streamed-write,f32,1,5,100,0,512,0,1.324135,0.066323,1.313624,1.381233,1.521641,0.050088
hound,streamed-write,f32,1,5,100,0,8192,0,1.271975,0.065083,1.263121,1.328532,1.459882,0.051167
hound,streamed-write,f32,1,600,100,0,1024,0,128.085408,13.171785,127.843575,146.431851,151.160032,0.102836
hound,streamed-write,f32,1,600,100,0,16384,0,124.658351,4.766576,124.679949,130.177444,136.985628,0.038237
hound,streamed-write,f32,1,600,100,0,4096,0,128.090183,11.549913,127.798534,144.682545,149.473112,0.09017
hound,streamed-write,f32,1,600,100,0,512,0,130.427204,14.863111,131.845885,149.706779,158.471304,0.113957
hound,streamed-write,f32,1,600,100,0,8192,0,126.403448,8.281715,126.015359,136.718851,149.355726,0.065518
hound,streamed-write,f32,1,60,100,0,1024,0,13.163191,0.550577,13.117603,13.681189,15.524066,0.041827
hound,streamed-write,f32,1,60,100,0,16384,0,12.903359,0.38796,12.848497,13.266668,13.937616,0.030067
hound,streamed-write,f32,1,60,100,0,4096,0,13.469155,0.649774,13.331739,14.551709,15.023108,0.048242
hound,streamed-write,f32,1,60,100,0,512,0,13.402296,0.503876,13.31209,14.103418,15.0479,0.037596
hound,streamed-write,f32,1,60,100,0,8192,0,13.466663,0.548872,13.395397,14.067751,15.056765,0.040758
hound,streamed-write,i16,1,10,100,0,1024,0,1.55704,0.060997,1.555917,1.632105,1.723916,0.039175
hound,streamed-write,i16,1,10,100,0,16384,0,1.072847,0.045649,1.071549,1.116902,1.168016,0.04255
hound,streamed-write,i16,1,10,100,0,4096,0,1.57614,0.038526,1.573263,1.617083,1.706606,0.024443
hound,streamed-write,i16,1,10,100,0,512,0,1.579066,0.042302,1.579095,1.62825,1.696838,0.026789
hound,streamed-write,i16,1,10,100,0,8192,0,1.346979,0.085574,1.328952,1.439417,1.565652,0.06353
hound,streamed-write,i16,1,1,100,0,1024,0,0.3745,0.036691,0.372004,0.411143,0.477068,0.097972
hound,streamed-write,i16,1,1,100,0,16384,0,0.250304,0.014577,0.248512,0.2627,0.304288,0.058236
hound,streamed-write,i16,1,1,100,0,4096,0,0.370361,0.037443,0.377701,0.405941,0.438294,0.101098
hound,streamed-write,i16,1,1,100,0,512,0,0.287857,0.013513,0.287191,0.302333,0.325811,0.046944
hound,streamed-write,i16,1,1,100,0,8192,0,0.26947,0.023039,0.266755,0.289599,0.313551,0.085499
hound,streamed-write,i16,1,300,100,0,1024,0,40.10179,1.296538,40.029683,41.587594,44.551317,0.032331
hound,streamed-write,i16,1,300,100,0,16384,0,27.76932,1.505992,27.353999,30.079719,31.999878,0.054232
hound,streamed-write,i16,1,300,100,0,4096,0,39.542411,1.328283,39.668345,41.061666,42.348653,0.033591
hound,streamed-write,i16,1,300,100,0,512,0,39.635148,1.303461,39.651643,40.992944,42.997184,0.032886
hound,streamed-write,i16,1,300,100,0,8192,0,35.320249,1.366474,35.277153,36.955518,38.682468,0.038688
hound,streamed-write,i16,1,30,100,0,1024,0,4.105606,0.160556,4.05774,4.265672,4.676304,0.039107
hound,streamed-write,i16,1,30,100,0,16384,0,2.873906,0.101073,2.868525,2.969015,3.047305,0.035169
hound,streamed-write,i16,1,30,100,0,4096,0,3.96885,0.146183,3.937261,4.06345,4.579105,0.036833
hound,streamed-write,i16,1,30,100,0,512,0,4.090547,0.09864,4.072147,4.202057,4.372939,0.024114
hound,streamed-write,i16,1,30,100,0,8192,0,3.443414,0.100575,3.445315,3.571407,3.662889,0.029208
hound,streamed-write,i16,1,5,100,0,1024,0,0.987028,0.06231,0.968736,1.054692,1.257482,0.063128
hound,streamed-write,i16,1,5,100,0,16384,0,0.662444,0.026301,0.658919,0.692816,0.761486,0.039703
hound,streamed-write,i16,1,5,100,0,4096,0,0.879603,0.031605,0.877626,0.91477,0.985816,0.035931
hound,streamed-write,i16,1,5,100,0,512,0,0.965486,0.044785,0.96434,1.003688,1.088155,0.046386
hound,streamed-write,i16,1,5,100,0,8192,0,0.759943,0.035408,0.755489,0.8021,0.856839,0.046593
hound,streamed-write,i16,1,600,100,0,1024,0,77.585881,16.382171,77.760745,96.904941,101.488917,0.211149
hound,streamed-write,i16,1,600,100,0,16384,0,49.976012,7.464069,49.427859,61.02291,64.87052,0.149353
hound,streamed-write,i16,1,600,100,0,4096,0,72.410518,10.361475,73.438421,84.483591,92.350867,0.143094
hound,streamed-write,i16,1,600,100,0,512,0,77.812889,12.96781,78.914865,92.481294,100.290218,0.166654
hound,streamed-write,i16,1,600,100,0,8192,0,60.742361,2.116051,60.509809,62.885634,70.051863,0.034837
hound,streamed-write,i16,1,60,100,0,1024,0,8.215811,0.33129,8.188345,8.560012,9.404838,0.040323
hound,streamed-write,i16,1,60,100,0,16384,0,5.172619,0.303461,5.082369,5.529883,6.25235,0.058667
hound,streamed-write,i16,1,60,100,0,4096,0,8.011362,0.269736,7.999956,8.263335,8.515356,0.033669
hound,streamed-write,i16,1,60,100,0,512,0,8.029156,0.269603,7.984705,8.394257,8.908107,0.033578
hound,streamed-write,i16,1,60,100,0,8192,0,6.58702,0.177634,6.538457,6.843131,7.089097,0.026967
hound,streamed-write,i32,1,10,100,0,1024,0,2.808105,0.079637,2.804366,2.896578,3.029677,0.02836
hound,streamed-write,i32,1,10,100,0,16384,0,2.853484,0.106843,2.834334,2.928376,3.191843,0.037443
hound,streamed-write,i32,1,10,100,0,4096,0,2.909499,0.13228,2.873567,3.014228,3.39714,0.045465
hound,streamed-write,i32,1,10,100,0,512,0,2.886785,0.142617,2.836326,3.115145,3.298223,0.049403
hound,streamed-write,i32,1,10,100,0,8192,0,2.940668,0.195777,2.877592,3.171829,3.660695,0.066576
hound,streamed-write,i32,1,1,100,0,1024,0,0.431097,0.034498,0.424561,0.4672,0.515756,0.080023
hound,streamed-write,i32,1,1,100,0,16384,0,0.415714,0.023295,0.409847,0.442501,0.500944,0.056035
hound,streamed-write,i32,1,1,100,0,4096,0,0.436163,0.019234,0.432228,0.458834,0.498259,0.044099
hound,streamed-write,i32,1,1,100,0,512,0,0.415579,0.017491,0.414104,0.434749,0.466154,0.042089
hound,streamed-write,i32,1,1,100,0,8192,0,0.418298,0.024273,0.410806,0.450933,0.51819,0.058027
hound,streamed-write,i32,1,300,100,0,1024,0,80.65744,4.234375,80.613268,84.263989,93.049825,0.052498
hound,streamed-write,i32,1,300,100,0,16384,0,78.94274,4.251489,78.510703,82.987866,90.830534,0.053855
hound,streamed-write,i32,1,300,100,0,4096,0,77.438277,4.479178,77.482167,82.382729,90.921662,0.057842
hound,streamed-write,i32,1,300,100,0,512,0,79.903172,3.46468,80.010747,83.592932,88.30739,0.043361
hound,streamed-write,i32,1,300,100,0,8192,0,77.645385,3.553882,77.219736,81.143797,87.917215,0.045771
hound,streamed-write,i32,1,30,100,0,1024,0,7.95127,0.371192,7.850586,8.260641,9.339474,0.046683
hound,streamed-write,i32,1,30,100,0,16384,0,8.08371,0.172271,8.052131,8.306426,8.554612,0.021311
hound,streamed-write,i32,1,30,100,0,4096,0,7.941262,0.214827,7.894444,8.169387,8.666455,0.027052
hound,streamed-write,i32,1,30,100,0,512,0,7.954382,0.377757,7.874251,8.117071,9.199036,0.04749
hound,streamed-write,i32,1,30,100,0,8192,0,7.994679,0.334692,7.887658,8.62851,8.825603,0.041864
hound,streamed-write,i32,1,5,100,0,1024,0,1.539972,0.142546,1.495614,1.713523,1.986076,0.092564
hound,streamed-write,i32,1,5,100,0,16384,0,1.470961,0.053018,1.46691,1.515584,1.595612,0.036043
hound,streamed-write,i32,1,5,100,0,4096,0,1.465131,0.064091,1.454491,1.534097,1.599048,0.043744
hound,streamed-write,i32,1,5,100,0,512,0,1.485131,0.107027,1.467585,1.569356,1.900018,0.072065
hound,streamed-write,i32,1,5,100,0,8192,0,1.478044,0.053927,1.474897,1.530388,1.611587,0.036485
hound,streamed-write,i32,1,600,100,0,1024,0,148.220025,7.259104,148.681448,156.218891,167.546986,0.048975
hound,streamed-write,i32,1,600,100,0,16384,0,148.498711,4.380912,147.830584,153.577624,163.782878,0.029501
hound,streamed-write,i32,1,600,100,0,4096,0,147.680728,6.132422,147.165743,153.827141,166.228173,0.041525
hound,streamed-write,i32,1,600,100,0,512,0,151.62841,8.126943,150.145988,161.524298,168.472272,0.053598
hound,streamed-write,i32,1,600,100,0,8192,0,148.910343,8.053009,148.790503,158.5372,173.011929,0.05408
hound,streamed-write,i32,1,60,100,0,1024,0,15.501999,1.058564,15.133225,16.992339,19.257399,0.068286
hound,streamed-write,i32,1,60,100,0,16384,0,15.394253,0.612611,15.255325,15.80377,17.340068,0.039795
hound,streamed-write,i32,1,60,100,0,4096,0,15.61186,0.400411,15.54696,16.188924,16.824647,0.025648
hound,streamed-write,i32,1,60,100,0,512,0,15.885886,0.506041,15.811123,16.474412,17.407103,0.031855
hound,streamed-write,i32,1,60,100,0,8192,0,15.101075,0.509355,14.982219,15.68758,16.65504,0.03373
